"","X.Cuvash.","X.Karachai.","X.Kazakh.","X.Khakass.","X.Kirghiz.","X.SouthAltaic.","X.Tatar.","X.Turkish.","X.Turkmen.","X.Tuvan.","X.Uzbek.","X.Yakut."
"1","1","0","1","1","1","0","1","1","1","1","1","1"
"2","1","1","1","0","1","0","1","0","0","0","1","0"
"3","1","1","1","1","1","1","1","0","1","1","1","1"
"4","1","0","1","0","1","0","1","0","0","0","0","0"
"5","1","1","1","1","1","1","1","1","1","1","1","1"
"6","1","1","1","1","1","1","1","1","1","1","1","1"
"7","0","1","1","0","1","0","1","0","0","0","0","0"
"8","0","1","1","0","1","0","0","1","1","0","1","0"
"9","1","1","0","0","0","0","1","1","1","0","1","0"
"10","0","0","0","1","0","0","0","1","1","0","1","1"
"11","1","1","1","0","1","0","1","1","1","0","1","0"
"12","1","0","1","0","1","0","1","1","1","1","1","1"
"13","0","0","1","0","1","0","0","0","1","0","1","0"
"14","0","0","0","0","0","0","0","1","0","0","1","1"
"15","0","1","0","0","0","0","0","1","1","0","1","0"
"16","1","1","1","1","1","0","0","1","1","0","1","0"
"17","0","1","1","1","1","0","1","1","1","1","1","1"
"18","1","1","1","1","1","0","1","1","1","1","1","0"
"19","0","1","1","1","1","0","1","1","1","1","1","0"
"20","1","1","1","1","1","0","1","1","1","1","1","0"
"21","0","0","1","0","1","1","0","1","1","1","1","1"
"22","1","1","1","0","0","0","1","1","1","0","1","0"
"23","0","1","1","1","1","0","1","1","1","0","1","0"
"24","0","1","1","0","1","1","1","1","1","1","1","0"
"25","1","0","1","1","1","1","1","1","1","1","1","1"
"26","1","1","1","1","1","0","1","1","1","1","1","1"
"27","1","1","1","1","1","0","1","1","1","1","1","1"
"28","1","1","1","1","1","0","1","1","1","1","1","1"
"29","1","1","1","1","1","0","1","1","1","0","1","0"
"30","0","1","1","1","0","0","1","1","1","1","1","1"
"31","1","1","1","1","1","1","1","1","1","1","1","1"
"32","1","1","1","1","1","1","1","1","1","1","1","1"
"33","0","0","0","0","1","0","0","0","0","1","0","0"
"34","0","0","1","0","1","0","0","0","0","1","0","1"
"35","1","1","1","1","1","1","1","1","1","1","1","0"
"36","1","1","1","1","1","1","1","1","1","1","1","1"
"37","1","1","1","1","1","1","1","1","1","1","1","1"
"38","0","0","1","1","1","1","1","0","0","1","1","1"
"39","1","1","1","1","1","1","1","1","1","0","1","0"
"40","1","1","1","1","1","0","1","1","1","1","1","1"
"41","0","1","1","1","1","1","1","1","1","1","1","1"
"42","1","1","1","1","0","0","1","1","1","0","1","0"
"43","1","1","1","1","1","0","1","1","1","1","1","0"
"44","0","1","1","0","1","1","1","0","0","1","1","0"
"45","1","1","1","1","1","0","1","1","1","1","1","1"
"46","1","1","1","1","1","1","1","1","1","1","1","1"
"47","0","1","1","1","1","0","1","1","0","0","1","0"
"48","0","0","1","0","1","0","0","1","0","0","0","0"
"49","1","1","1","1","1","0","1","1","1","1","1","1"
"50","0","1","1","0","0","0","1","1","1","0","1","0"
"51","0","0","0","1","0","0","0","0","0","1","0","1"
"52","1","1","1","1","1","1","1","1","1","1","1","1"
"53","0","0","1","1","1","0","1","0","0","1","1","0"
"54","0","1","1","0","0","0","1","0","0","0","0","0"
"55","0","1","1","1","1","1","1","1","0","1","1","1"
"56","0","0","1","0","1","0","0","1","1","0","1","0"
"57","0","1","1","0","0","1","1","1","1","1","0","1"
"58","0","0","1","0","1","1","0","1","1","0","0","0"
"59","0","0","0","1","1","1","0","0","0","0","0","0"
"60","1","1","1","0","1","0","1","1","1","0","1","0"
"61","0","1","1","0","1","0","0","1","1","0","0","0"
"62","0","1","1","1","1","0","1","1","0","0","1","0"
"63","0","1","1","1","1","1","0","0","0","1","1","1"
"64","1","1","1","0","1","1","1","1","1","0","1","0"
"65","1","1","1","1","1","1","1","1","0","0","1","0"
"66","0","1","0","1","1","1","1","1","1","1","0","0"
"67","1","1","1","1","1","0","1","1","1","1","1","1"
"68","0","0","1","1","1","1","0","1","1","1","0","0"
"69","0","0","0","1","1","1","0","1","0","1","0","1"
"70","0","1","1","1","1","1","1","0","1","1","1","1"
"71","0","1","1","1","1","0","1","0","1","1","1","1"
"72","1","1","0","0","1","0","1","1","0","0","1","0"
"73","0","0","1","0","1","0","1","0","1","0","0","1"
"74","1","0","1","0","1","0","0","1","0","0","1","0"
"75","1","0","1","0","0","0","0","0","1","0","0","0"
"76","0","1","1","0","1","0","1","1","1","0","1","1"
"77","0","0","0","0","0","0","0","1","0","0","0","0"
"78","0","1","1","0","1","0","1","1","1","0","1","1"
"79","0","1","1","1","1","1","0","0","0","1","0","1"
"80","1","1","0","1","1","0","1","1","1","0","1","0"
"81","0","0","1","0","0","0","0","0","1","0","1","0"
"82","0","0","0","1","0","0","0","0","0","0","0","1"
"83","1","1","1","1","1","1","1","1","1","1","1","0"
"84","0","1","1","1","1","0","1","1","1","1","1","0"
"85","0","1","1","1","1","1","0","1","1","0","1","0"
"86","1","1","1","1","1","1","1","1","1","1","1","0"
"87","1","1","1","0","1","1","1","1","1","1","1","1"
"88","0","0","0","0","0","0","0","1","0","0","1","0"
"89","0","1","1","1","1","1","1","1","0","0","1","1"
"90","1","1","1","1","1","1","1","1","1","1","1","1"
"91","0","0","0","1","0","0","0","0","0","1","0","1"
"92","1","1","1","1","0","0","1","1","1","1","1","1"
"93","0","1","1","1","1","1","1","0","0","0","1","1"
"94","0","0","1","0","1","1","0","0","0","1","0","0"
"95","1","1","1","1","1","0","1","0","0","0","1","1"
"96","0","0","1","1","1","1","1","0","0","0","1","0"
"97","0","0","0","0","1","1","0","0","0","1","0","0"
"98","0","0","0","1","0","0","0","0","1","1","1","0"
"99","0","1","1","0","1","0","1","0","0","1","1","0"
"100","1","0","0","1","0","0","0","1","1","0","0","0"
"101","0","1","1","1","1","1","1","1","1","1","1","1"
"102","1","1","1","1","1","0","1","1","1","1","1","0"
"103","0","0","0","0","0","0","0","1","0","0","1","0"
"104","1","1","1","1","1","1","1","1","1","1","1","1"
"105","1","1","1","1","1","1","1","1","1","1","1","1"
"106","1","0","1","1","1","1","1","1","0","1","1","1"
"107","0","0","0","0","1","0","0","0","0","1","0","0"
"108","0","1","1","1","1","1","1","1","1","0","1","0"
"109","1","1","0","0","0","1","1","1","0","1","1","0"
"110","0","1","1","1","1","1","1","1","1","1","1","1"
"111","0","0","1","1","1","1","0","1","1","1","1","1"
"112","0","1","1","1","1","0","1","1","1","1","1","1"
"113","1","0","1","1","0","0","0","0","0","0","0","1"
"114","0","1","1","0","0","0","1","1","1","1","1","0"
"115","1","1","1","0","1","0","1","1","1","0","1","0"
"116","1","1","1","1","1","0","1","1","1","1","1","0"
"117","1","1","0","1","1","1","1","1","0","1","0","0"
"118","0","1","0","1","0","0","0","1","1","1","1","1"
"119","1","1","1","1","1","1","1","1","0","1","1","0"
"120","0","1","1","0","1","0","1","1","1","0","1","0"
"121","1","1","0","0","1","0","1","1","0","1","1","0"
"122","1","1","1","0","1","0","1","0","0","0","1","0"
"123","0","1","1","1","1","1","1","1","1","1","1","1"
"124","1","1","1","1","1","1","1","1","1","1","1","1"
"125","1","1","0","0","0","0","1","1","1","0","1","0"
"126","1","1","1","0","1","1","1","1","1","0","1","0"
"127","1","1","1","1","1","0","1","1","1","1","1","1"
"128","1","1","1","1","1","1","1","1","1","1","1","1"
"129","1","1","1","1","1","0","1","1","1","1","1","1"
"130","1","1","1","0","1","0","1","1","1","1","1","0"
"131","1","1","1","1","1","1","1","1","1","1","1","1"
"132","0","0","1","0","0","0","1","0","0","1","1","0"
"133","0","1","1","0","1","0","1","1","1","1","1","1"
"134","0","0","0","1","0","1","0","0","0","0","0","1"
"135","1","0","0","0","0","0","1","0","0","0","1","0"
"136","1","1","1","1","1","1","1","1","1","0","1","1"
"137","0","0","0","1","1","0","1","1","0","1","1","0"
"138","0","1","1","1","1","0","1","1","1","1","1","1"
"139","0","1","1","1","1","0","1","1","1","1","1","1"
"140","1","1","1","1","1","1","1","1","1","1","1","0"
"141","0","0","0","0","0","0","1","1","1","0","0","0"
"142","0","1","1","0","0","0","0","0","0","0","1","0"
"143","1","1","1","1","1","0","1","1","1","1","1","1"
"144","0","1","1","1","1","1","1","1","1","0","1","1"
"145","1","1","1","1","1","1","1","1","1","0","1","0"
"146","1","1","1","1","1","1","1","1","1","1","1","1"
"147","1","1","1","1","1","1","1","1","1","1","1","1"
"148","0","0","0","1","0","0","0","0","0","0","0","1"
"149","1","1","1","0","1","1","1","1","1","0","1","1"
"150","1","1","1","1","1","1","1","1","1","1","1","1"
"151","1","0","1","0","1","1","1","1","1","1","1","0"
"152","0","0","1","1","1","0","1","0","0","0","0","1"
"153","0","1","0","0","0","0","0","1","0","0","0","0"
"154","1","1","1","1","1","1","1","1","1","1","1","0"
"155","1","1","0","0","0","0","0","1","1","0","0","0"
"156","0","1","0","1","0","0","0","1","1","0","0","0"
"157","1","1","1","0","1","0","1","1","1","0","1","0"
"158","1","1","1","1","1","1","1","1","1","0","1","1"
"159","0","1","1","0","1","0","0","1","1","0","0","0"
"160","1","1","1","0","1","0","1","1","1","0","1","0"
"161","0","1","1","1","1","1","1","1","1","0","1","0"
"162","0","1","1","0","1","0","1","1","0","0","1","0"
"163","1","0","0","0","0","1","1","0","0","0","0","0"
"164","0","1","1","0","1","0","1","1","1","0","0","0"
"165","1","1","1","1","0","0","1","1","1","0","1","1"
"166","0","0","1","0","1","0","1","0","0","0","1","0"
"167","0","1","1","1","1","1","1","1","1","1","1","1"
"168","1","1","1","1","1","1","1","1","0","0","0","0"
"169","1","1","1","1","1","0","1","1","1","0","1","0"
"170","1","1","1","0","0","0","1","1","1","0","0","0"
"171","1","1","1","1","1","0","1","1","1","1","1","0"
"172","1","1","1","1","1","1","1","1","1","1","1","1"
"173","0","0","1","1","1","0","0","0","0","1","0","0"
"174","1","1","1","1","1","1","1","1","1","0","1","0"
"175","0","1","1","1","1","1","1","1","1","1","1","1"
"176","0","1","1","1","1","1","1","1","0","1","1","1"
"177","1","0","1","1","1","0","1","1","0","0","1","0"
"178","1","1","1","1","1","1","1","1","1","0","1","0"
"179","1","1","1","1","1","1","1","1","1","1","1","1"
"180","1","1","1","1","1","1","1","1","1","1","1","1"
"181","0","0","0","0","0","0","0","1","0","0","0","1"
"182","0","0","0","0","1","0","0","0","0","1","1","1"
"183","1","1","1","1","1","1","1","1","1","0","1","0"
"184","0","0","1","1","1","1","1","1","0","1","0","0"
"185","0","1","0","0","0","0","0","1","1","0","0","0"
"186","1","1","1","1","1","1","1","1","1","1","1","0"
"187","1","0","0","0","0","0","1","0","1","0","0","0"
"188","1","1","1","1","1","0","1","1","1","1","1","1"
"189","1","0","0","1","0","1","0","1","1","1","0","1"
"190","0","1","1","1","1","1","1","1","1","1","1","0"
"191","1","1","1","0","1","1","1","1","1","0","0","0"
"192","0","1","1","1","1","1","1","1","1","1","1","0"
"193","1","1","1","1","1","1","1","1","1","1","1","1"
"194","1","1","1","1","1","1","1","1","1","1","1","1"
"195","1","1","1","0","1","0","1","1","1","0","1","0"
"196","0","0","1","0","1","0","0","1","1","1","1","0"
"197","1","1","1","0","1","1","0","0","1","0","1","0"
"198","0","1","0","0","0","0","0","1","1","0","1","0"
"199","0","0","1","0","0","0","1","1","0","1","0","1"
"200","0","1","1","1","1","1","1","1","1","1","1","1"
"201","1","1","1","0","1","0","1","1","1","1","1","1"
"202","0","1","0","0","0","1","0","1","1","0","0","0"
"203","0","0","1","0","0","0","1","0","1","0","1","0"
"204","0","0","0","1","1","1","1","1","0","1","0","1"
"205","0","0","0","1","1","0","0","0","0","1","0","1"
"206","1","1","1","1","1","1","1","1","1","1","1","1"
"207","0","0","0","0","0","0","0","1","0","0","0","0"
"208","0","0","1","1","1","1","1","1","0","1","0","1"
"209","1","1","1","1","1","1","1","1","1","1","1","1"
"210","0","0","0","0","0","0","0","0","0","0","0","0"
"211","0","1","1","1","1","1","1","1","1","1","1","1"
"212","0","1","1","0","0","0","0","1","1","0","0","0"
"213","0","1","1","1","1","1","1","1","1","0","1","1"
"214","1","1","1","0","1","1","1","1","1","1","1","0"
"215","1","1","1","0","1","1","1","1","1","1","1","0"
"216","0","1","1","0","1","0","1","1","0","0","1","0"
"217","0","1","1","0","1","1","1","1","1","0","1","0"
"218","0","1","1","0","1","0","1","1","1","0","1","0"
"219","1","1","1","1","1","1","1","1","1","1","1","1"
"220","0","1","1","1","1","1","1","0","0","0","1","0"
"221","0","1","1","0","1","1","1","0","0","0","0","1"
"222","0","1","1","1","1","1","1","1","0","1","1","1"
"223","1","1","1","0","1","0","1","1","1","0","0","0"
"224","1","1","1","1","1","1","1","1","1","1","1","1"
"225","0","0","1","1","0","0","0","0","0","0","0","1"
"226","1","1","1","1","1","1","1","1","1","1","1","1"
"227","1","1","1","1","1","1","1","1","1","0","1","1"
"228","0","1","0","1","0","1","1","1","1","1","1","0"
"229","1","1","0","1","0","0","0","1","0","0","1","1"
"230","0","1","1","1","1","1","1","1","1","1","1","1"
"231","1","1","1","1","1","1","1","1","1","1","1","1"
"232","0","0","1","0","1","0","0","0","0","0","1","0"
"233","0","0","1","0","1","0","0","0","0","0","1","0"
"234","1","1","1","1","1","1","1","1","0","1","1","0"
"235","1","1","1","1","1","1","1","1","1","1","1","1"
"236","1","1","1","1","1","1","1","1","1","0","1","1"
"237","0","1","1","1","1","1","1","1","1","1","1","0"
"238","0","0","0","0","0","0","0","0","0","1","0","1"
"239","0","1","1","1","1","1","1","1","1","1","1","1"
"240","1","1","1","1","1","1","1","1","1","1","1","0"
"241","1","1","1","1","1","1","1","1","1","0","1","1"
"242","1","1","1","0","1","0","1","1","1","0","1","0"
"243","0","1","1","1","1","1","1","1","1","0","1","0"
"244","1","1","1","1","1","1","1","1","1","0","1","0"
"245","1","1","1","1","1","1","1","1","1","1","1","1"
"246","1","1","1","1","1","1","1","1","1","1","1","1"
"247","1","1","1","1","1","1","0","1","1","1","1","1"
"248","1","1","1","0","1","0","1","1","1","0","1","0"
"249","1","1","1","1","1","1","1","0","1","1","1","1"
"250","1","1","1","1","1","0","0","0","0","1","1","1"
"251","1","1","0","1","0","0","1","0","0","0","0","0"
"252","1","1","1","1","1","0","1","1","1","1","1","1"
"253","0","1","1","1","1","1","1","1","1","1","1","1"
"254","0","1","1","0","1","1","1","1","0","0","1","1"
"255","0","0","0","1","0","0","0","0","0","1","0","1"
"256","1","1","1","1","1","1","1","1","0","1","1","0"
"257","1","1","1","1","1","1","1","1","1","1","1","1"
"258","1","1","1","1","1","1","1","1","1","1","1","0"
"259","0","1","1","1","1","0","1","1","1","1","1","1"
"260","0","1","1","0","1","1","1","1","0","1","1","0"
"261","1","0","1","1","1","1","1","0","0","0","1","0"
"262","0","1","1","1","1","1","1","1","1","1","1","1"
"263","1","1","0","1","1","0","1","1","1","1","1","0"
"264","0","1","1","1","1","1","1","1","1","1","1","0"
"265","1","1","1","1","1","1","1","1","1","1","1","1"
"266","0","0","1","0","1","0","0","1","1","0","1","1"
"267","0","0","1","1","1","0","1","1","0","1","0","1"
"268","0","1","0","1","1","1","0","1","0","1","0","1"
"269","1","0","1","0","1","1","1","1","1","0","1","1"
"270","0","0","1","0","1","0","1","0","0","0","0","0"
"271","0","0","1","1","1","1","0","0","0","0","0","0"
"272","1","1","1","1","1","1","1","1","1","1","1","1"
"273","0","0","1","1","1","1","1","1","0","1","1","1"
"274","0","1","1","1","1","1","1","1","1","1","1","1"
"275","0","1","1","1","1","0","1","1","0","0","1","0"
"276","0","1","1","1","1","1","1","1","1","1","1","1"
"277","0","0","1","1","1","1","1","0","1","1","0","1"
"278","1","1","1","1","1","1","1","1","1","1","1","0"
"279","0","1","1","0","1","0","1","1","1","0","0","0"
"280","1","1","0","0","0","0","1","1","0","0","1","0"
"281","0","1","1","1","1","1","0","0","0","1","1","0"
"282","0","1","1","0","1","0","1","1","1","1","1","1"
"283","0","0","1","1","0","0","1","0","0","1","1","1"
"284","1","1","1","1","1","1","1","1","1","1","1","0"
"285","1","1","1","1","1","1","1","1","1","1","1","1"
"286","0","1","1","1","1","1","1","1","1","1","1","0"
"287","0","1","1","0","1","0","1","1","1","1","0","0"
"288","1","1","1","1","1","1","1","1","1","1","1","1"
"289","0","1","1","0","1","1","1","0","1","0","0","1"
"290","1","1","1","0","1","1","1","1","1","0","1","0"
"291","0","1","0","0","0","0","0","1","0","0","0","1"
"292","0","1","1","1","1","1","1","1","1","1","1","1"
"293","0","1","1","1","1","0","1","1","1","1","0","0"
"294","1","1","1","1","1","1","1","0","0","1","1","0"
"295","1","1","1","1","1","1","0","1","1","1","1","0"
"296","0","1","1","1","1","0","1","0","1","1","0","1"
"297","0","0","1","0","1","0","0","0","0","1","1","0"
"298","0","1","0","1","1","1","1","0","0","1","1","0"
"299","1","1","1","1","1","1","1","1","1","1","1","1"
"300","1","1","1","0","1","0","0","0","1","1","1","1"
"301","0","0","0","0","1","0","0","0","0","1","0","1"
"302","0","0","0","0","1","0","0","0","0","1","0","1"
"303","1","1","1","1","1","1","1","1","1","1","1","0"
"304","0","0","0","0","0","0","1","1","0","0","0","0"
"305","0","1","1","0","1","0","0","0","1","0","1","0"
"306","1","1","1","1","1","1","1","1","1","0","1","0"
"307","0","0","0","1","1","0","0","1","0","0","0","0"
"308","0","1","1","1","1","1","1","1","1","1","1","1"
"309","0","0","1","0","1","0","0","1","1","1","0","0"
"310","1","1","1","1","1","1","1","1","1","1","1","0"
"311","0","0","0","0","0","0","1","1","1","0","1","0"
"312","1","1","0","0","1","0","1","0","0","0","0","0"
"313","1","1","1","1","1","1","1","1","1","1","1","1"
"314","0","0","0","0","0","0","0","0","0","0","1","1"
"315","1","0","1","0","1","1","1","1","0","1","1","0"
"316","1","1","1","1","1","1","1","1","1","0","1","1"
"317","0","1","1","1","1","0","1","0","1","1","1","0"
"318","1","1","1","1","1","1","1","1","1","1","1","1"
"319","0","0","0","0","0","0","0","1","0","0","0","0"
"320","1","1","1","1","1","1","1","1","1","0","1","0"
"321","1","1","1","1","1","1","1","1","1","1","1","1"
"322","1","1","1","0","1","0","1","1","1","0","1","0"
"323","1","0","1","0","1","1","1","0","1","1","1","0"
"324","1","1","1","0","1","0","1","1","0","0","1","1"
"325","1","1","1","1","1","1","1","1","1","1","1","1"
"326","1","1","1","0","1","1","1","1","0","0","1","1"
"327","1","0","0","1","0","0","0","1","0","0","0","0"
"328","0","1","1","0","1","1","1","1","1","1","1","0"
"329","1","0","0","1","1","0","0","0","0","1","0","1"
"330","1","1","1","1","0","0","1","1","0","0","0","1"
"331","0","0","1","0","1","1","1","0","0","1","1","0"
"332","0","1","0","0","1","0","0","0","0","1","1","0"
"333","0","0","1","1","1","0","1","0","0","1","1","1"
"334","0","0","1","1","1","0","0","0","0","0","1","0"
"335","0","0","1","0","1","0","0","0","0","0","0","0"
"336","0","0","0","1","1","0","0","0","0","1","0","1"
"337","1","1","1","0","1","0","1","1","1","0","1","0"
"338","0","1","1","0","1","0","1","1","1","0","1","0"
"339","0","1","1","0","1","0","0","0","0","1","1","0"
"340","0","0","0","1","0","0","0","0","0","1","0","0"
"341","0","0","0","0","0","0","0","0","0","1","0","1"
"342","0","0","1","0","0","0","0","1","1","0","1","0"
"343","0","1","1","1","1","0","1","0","1","0","1","0"
"344","0","1","1","1","1","0","1","0","1","0","0","0"
"345","0","0","0","1","0","0","0","0","0","1","0","0"
"346","1","0","0","0","0","0","0","0","1","0","0","0"
"347","0","1","1","0","1","0","1","1","1","0","1","0"
"348","0","0","0","1","0","0","0","0","0","1","0","0"
"349","0","0","0","1","1","0","0","0","0","0","0","0"
"350","1","1","0","0","0","0","0","1","1","0","0","0"
"351","1","1","1","0","1","0","1","1","0","1","1","0"
"352","0","0","0","0","0","0","0","0","0","0","0","0"
"353","1","1","1","1","1","0","1","1","0","1","1","1"
"354","0","1","1","0","1","0","1","1","1","0","1","0"
"355","0","1","1","0","1","0","0","0","1","1","1","0"
"356","1","0","1","0","0","0","0","1","1","0","0","0"
"357","1","1","1","0","1","0","1","1","1","1","1","0"
"358","1","1","1","1","1","0","1","1","1","1","1","0"
"359","1","1","1","0","1","0","1","1","1","0","1","0"
"360","1","1","1","0","0","0","0","0","0","0","0","0"
"361","1","1","1","0","1","0","1","1","1","1","1","0"
"362","1","0","1","0","1","0","1","1","1","0","1","0"
"363","0","1","1","0","1","0","1","1","1","0","1","0"
"364","0","0","0","0","0","0","0","0","0","1","0","1"
"365","1","0","1","0","0","0","1","0","0","0","0","0"
"366","1","0","0","0","0","0","0","1","1","0","1","0"
"367","1","1","1","0","1","0","0","1","1","0","1","0"
"368","0","0","1","0","1","0","0","0","0","0","0","0"
"369","0","0","0","0","0","0","0","1","1","0","1","0"
"370","1","1","1","0","0","0","1","1","1","1","1","0"
"371","0","1","0","0","1","0","0","0","0","0","1","1"
"372","1","1","1","1","1","0","1","0","0","0","1","0"
"373","0","1","0","0","0","0","0","1","1","0","1","0"
"374","1","0","0","0","0","0","0","1","0","1","1","1"
"375","0","0","0","1","0","0","0","0","0","1","0","0"
"376","0","1","1","0","1","0","1","0","1","0","1","0"
"377","0","0","0","0","0","0","0","1","0","0","0","0"
"378","0","1","1","1","1","0","1","1","1","1","0","1"
"379","1","0","0","1","1","0","0","1","1","0","0","0"
"380","0","0","0","1","0","0","0","0","0","1","0","0"
"381","0","0","1","0","1","0","0","0","0","1","1","0"
"382","0","1","1","1","1","0","1","1","1","1","1","0"
"383","0","1","1","0","1","0","1","0","1","0","0","0"
"384","1","1","1","1","1","0","1","1","0","0","1","0"
"385","0","0","1","1","1","0","0","1","1","0","1","1"
"386","0","0","0","1","0","0","0","0","0","1","0","1"
"387","1","0","0","0","0","0","0","1","0","0","0","0"
"388","1","1","1","1","1","0","1","0","1","1","1","0"
"389","1","1","1","0","1","0","1","1","1","0","1","0"
"390","1","1","1","1","1","0","1","0","1","1","1","1"
"391","1","0","1","0","0","0","0","1","1","1","0","0"
"392","0","1","0","0","1","0","0","1","1","0","1","0"
"393","0","1","1","0","1","0","1","1","1","1","1","0"
"394","0","1","1","1","0","0","0","1","1","0","1","1"
"395","0","0","1","0","1","0","0","0","0","0","0","0"
"396","1","1","0","0","0","0","0","1","1","0","1","0"
"397","1","1","1","1","0","0","1","0","0","1","1","0"
"398","0","0","0","1","0","0","0","0","0","1","0","0"
"399","0","0","1","0","1","0","0","0","0","0","0","0"
"400","0","1","0","0","0","0","0","0","0","0","0","0"
"401","0","1","1","0","1","0","1","1","1","0","1","0"
"402","0","0","0","0","0","0","0","0","0","1","0","1"
"403","0","0","0","0","0","0","0","1","1","0","0","0"
"404","0","0","0","1","0","0","0","0","0","1","0","0"
"405","0","1","0","0","0","0","1","0","1","0","0","0"
"406","0","1","1","0","1","0","1","0","1","0","1","0"
"407","0","1","1","0","1","0","1","1","1","1","1","1"
"408","1","1","1","1","1","0","1","1","1","1","1","0"
"409","0","1","1","1","0","0","1","0","1","1","0","1"
"410","1","1","0","0","0","0","0","1","1","0","1","0"
"411","0","1","1","1","0","0","1","0","0","1","0","0"
"412","0","1","1","1","0","0","0","0","0","1","0","0"
"413","0","1","1","0","1","0","0","0","0","0","0","0"
"414","0","1","1","1","1","0","1","0","1","1","0","1"
"415","0","0","0","1","0","0","0","0","0","1","0","1"
"416","1","1","1","1","1","1","1","1","1","1","1","1"
"417","1","1","1","1","1","1","1","1","1","1","1","0"
"418","1","1","1","0","0","1","1","1","1","0","1","0"
"419","0","0","1","1","0","1","1","1","0","1","1","0"
"420","1","1","1","1","1","1","1","1","1","1","1","0"
"421","1","1","0","0","0","0","0","1","0","0","0","0"
"422","0","1","1","1","1","1","0","1","1","1","1","1"
"423","1","0","1","1","1","1","1","1","1","0","1","0"
"424","0","1","1","0","1","1","1","1","1","0","1","1"
"425","1","1","1","1","1","0","1","1","1","1","1","1"
"426","0","0","0","0","0","0","0","1","0","0","0","0"
"427","0","1","1","0","1","0","1","1","0","0","1","0"
"428","1","1","1","1","1","1","1","1","1","1","1","0"
"429","0","0","0","1","0","0","0","0","0","1","0","1"
"430","1","1","1","1","1","0","1","1","1","0","1","1"
"431","0","0","0","0","1","0","0","1","1","0","1","0"
"432","0","1","1","0","1","0","1","1","1","0","1","1"
"433","1","1","1","1","1","1","1","1","1","0","1","1"
"434","1","1","1","1","1","0","1","1","1","1","1","1"
"435","0","0","1","0","0","0","0","0","1","0","1","0"
"436","1","1","1","1","1","1","1","1","1","0","1","1"
"437","1","1","1","1","1","1","0","1","1","1","1","1"
"438","0","1","1","1","1","1","1","1","1","1","1","1"
"439","1","1","1","0","1","0","1","1","0","0","1","0"
"440","0","0","1","0","1","1","0","0","1","0","1","1"
"441","1","1","1","1","1","1","1","1","1","1","1","1"
"442","1","1","1","1","1","1","1","1","1","1","1","1"
"443","0","1","1","1","1","0","1","1","1","0","1","0"
"444","0","1","1","1","1","1","1","1","1","1","1","1"
"445","1","1","1","1","1","1","1","1","1","1","1","1"
"446","1","1","1","1","1","1","1","1","1","1","1","1"
"447","1","1","1","1","1","1","1","1","0","0","1","0"
"448","1","1","1","1","1","1","1","1","1","1","1","1"
"449","1","1","1","1","1","1","1","1","1","1","1","0"
"450","1","1","1","1","1","1","1","1","1","1","1","0"
"451","1","1","1","0","0","0","1","1","1","0","0","0"
"452","0","0","1","0","0","0","1","0","0","0","1","0"
"453","0","1","1","0","0","1","1","0","0","0","1","0"
"454","0","1","1","1","1","1","1","1","0","1","1","0"
"455","0","0","0","0","0","0","0","1","1","0","0","0"
"456","1","1","1","1","1","1","1","1","1","1","1","1"
"457","0","1","1","1","1","1","1","1","1","1","1","0"
"458","0","1","0","0","0","0","0","1","0","0","0","0"
"459","0","1","1","1","1","1","1","1","0","1","1","1"
"460","0","1","0","0","0","0","0","1","1","0","1","0"
"461","1","0","1","0","1","0","0","1","1","0","1","0"
"462","0","1","0","0","0","0","0","1","0","0","0","0"
"463","0","0","0","0","0","0","0","1","1","0","0","0"
"464","0","1","0","0","0","0","0","1","0","1","0","0"
"465","1","1","1","0","1","0","1","0","1","0","1","0"
"466","1","1","1","1","1","0","1","1","1","1","1","1"
"467","1","1","1","1","1","1","1","1","1","0","1","0"
"468","0","0","0","0","0","0","0","1","0","0","0","0"
"469","1","1","1","1","1","1","1","1","1","1","1","1"
"470","1","1","1","1","1","1","1","1","1","0","1","0"
"471","1","1","1","1","1","1","0","1","1","1","1","0"
"472","1","1","1","0","1","1","1","1","1","1","1","1"
"473","1","1","1","1","0","1","0","1","1","0","1","0"
"474","1","1","1","1","1","0","1","1","1","1","1","1"
"475","1","0","1","1","1","1","1","1","0","1","1","1"
"476","0","1","1","1","1","1","1","1","1","1","1","1"
"477","1","1","1","1","1","1","1","1","1","1","1","1"
"478","1","1","1","1","1","1","1","1","1","1","1","1"
"479","1","1","1","1","1","0","1","1","1","1","1","1"
"480","1","1","0","0","1","0","0","1","0","0","0","0"
"481","0","1","1","1","1","0","1","1","1","0","1","0"
"482","1","1","1","0","1","0","1","1","1","0","1","0"
"483","0","0","0","1","1","1","0","1","0","1","0","1"
"484","1","1","1","1","1","1","1","1","1","1","1","1"
"485","1","1","1","1","1","1","1","1","1","1","1","1"
"486","1","1","1","0","1","0","1","1","1","1","1","1"
"487","1","1","1","1","1","1","1","1","1","1","1","1"
"488","1","0","0","0","0","0","0","1","0","0","0","0"
"489","0","0","1","0","1","0","1","1","0","0","1","0"
"490","1","1","0","0","0","0","1","1","0","0","0","0"
"491","1","1","1","1","1","1","1","1","1","1","1","0"
"492","0","0","1","0","1","0","1","0","0","1","1","1"
"493","1","1","1","1","1","1","1","1","1","0","1","1"
"494","1","1","1","1","1","1","1","1","1","1","1","0"
"495","1","1","1","1","1","1","1","1","1","1","1","1"
"496","1","1","1","1","1","0","1","1","1","1","1","1"
"497","0","1","0","1","0","1","1","1","0","1","1","1"
"498","0","1","1","0","1","1","1","1","0","0","1","1"
"499","1","0","0","0","0","0","0","1","1","0","1","0"
"500","1","1","1","1","1","1","1","1","1","0","1","1"
"501","0","1","0","0","0","0","1","1","1","0","0","0"
"502","1","1","1","1","1","1","1","1","1","1","1","0"
"503","0","1","1","0","1","1","1","1","1","1","1","1"
"504","0","0","0","0","0","0","0","0","0","1","0","1"
"505","1","1","1","1","1","0","1","1","1","1","1","1"
"506","1","1","1","1","1","0","1","1","1","1","1","1"
"507","0","1","1","1","1","0","0","1","1","0","1","1"
"508","0","0","0","1","0","1","1","0","0","1","1","1"
"509","0","0","1","1","0","0","0","1","1","1","1","1"
"510","0","1","1","0","1","0","0","1","0","0","0","0"
"511","1","1","1","1","1","1","1","1","1","1","1","0"
"512","1","0","1","1","1","1","1","1","1","1","1","1"
"513","0","1","1","0","1","1","1","1","1","0","1","0"
"514","0","1","1","0","1","0","1","1","1","0","1","0"
"515","0","1","0","0","0","0","1","1","0","0","1","0"
"516","1","1","1","1","1","1","1","1","1","1","1","0"
"517","0","0","0","1","0","0","0","0","0","1","0","0"
"518","1","1","1","1","1","1","1","1","1","1","1","1"
"519","0","1","1","1","1","1","1","1","1","1","1","1"
"520","1","1","1","0","0","0","1","1","1","0","0","1"
"521","1","1","1","1","1","1","1","1","0","1","1","0"
"522","0","0","1","1","1","0","1","0","0","0","1","0"
"523","0","1","0","1","1","1","1","1","0","1","0","1"
"524","1","1","1","1","1","1","1","1","1","1","1","1"
"525","1","1","1","0","0","0","1","1","1","0","1","0"
"526","1","1","1","0","0","1","1","1","1","0","1","0"
"527","0","0","0","0","1","1","0","0","0","0","1","0"
"528","1","1","1","0","1","0","1","1","1","0","1","0"
"529","1","1","1","0","1","1","1","1","1","1","1","1"
"530","0","0","1","1","0","1","0","0","1","1","1","0"
"531","1","0","1","1","1","1","1","1","1","1","0","1"
"532","0","1","1","0","1","0","1","1","0","0","0","0"
"533","1","1","1","1","1","1","1","1","1","1","1","1"
"534","1","1","1","1","1","0","0","1","1","1","1","1"
"535","1","1","1","1","1","0","1","1","1","1","1","1"
"536","1","0","1","0","0","0","0","1","1","0","1","0"
"537","0","0","0","0","1","0","0","0","0","1","0","1"
"538","1","1","1","1","1","0","1","1","1","1","1","1"
"539","0","1","1","1","1","1","1","1","1","1","1","1"
"540","0","1","1","1","1","0","1","1","1","1","1","1"
"541","1","1","1","1","1","1","1","1","1","1","1","1"
"542","1","0","1","1","1","1","1","1","1","1","1","1"
"543","1","1","1","1","1","0","1","1","1","0","1","1"
"544","0","0","1","0","1","1","0","0","0","1","0","1"
"545","1","1","1","1","1","1","1","1","1","1","1","1"
"546","0","1","1","1","1","1","1","1","1","1","1","1"
"547","1","1","1","1","1","0","1","0","1","1","1","1"
"548","1","1","1","0","1","0","1","1","1","0","1","0"
"549","1","1","1","0","1","1","1","1","1","0","1","0"
"550","1","1","1","1","1","1","1","1","1","1","1","1"
"551","0","1","1","1","1","1","1","1","1","1","1","1"
"552","0","1","1","0","1","0","1","1","1","0","1","0"
"553","1","1","1","1","1","1","1","1","1","1","1","1"
"554","1","1","1","1","1","1","1","1","1","1","1","0"
"555","1","1","1","1","1","1","1","1","1","0","1","1"
"556","0","1","1","1","1","1","1","0","1","0","1","0"
"557","0","1","1","0","1","0","1","0","0","1","0","0"
"558","1","1","1","1","1","0","1","1","1","1","1","1"
"559","1","1","1","1","1","1","1","1","1","1","1","0"
"560","1","1","1","0","1","1","1","1","0","0","0","1"
"561","0","0","1","0","0","0","1","0","1","0","0","0"
"562","0","0","1","1","1","0","0","0","0","1","0","1"
"563","0","0","0","0","1","0","0","0","0","1","0","1"
"564","0","1","0","1","1","0","1","1","1","1","1","1"
"565","1","1","1","1","1","1","1","1","1","1","1","0"
"566","0","0","1","0","1","1","0","0","0","0","1","0"
"567","0","1","0","0","0","0","0","1","0","1","0","1"
"568","1","1","1","1","1","1","1","1","1","1","1","1"
"569","0","1","1","1","1","1","1","0","1","1","1","0"
"570","1","1","1","1","1","1","1","1","1","1","1","1"
"571","1","1","1","1","1","0","1","1","1","1","1","1"
"572","0","1","1","1","1","0","1","0","1","1","1","0"
"573","0","1","0","0","0","0","0","1","1","0","0","0"
"574","0","1","1","0","1","0","0","0","1","0","0","1"
"575","1","1","1","0","1","1","1","1","1","0","1","1"
"576","1","1","1","1","1","1","1","1","1","1","1","1"
"577","1","1","1","1","1","1","1","1","1","0","1","0"
"578","0","0","0","0","1","0","0","1","1","0","1","0"
"579","1","1","0","0","0","0","0","1","0","0","0","0"
"580","1","0","0","0","0","0","0","1","1","0","1","1"
"581","0","0","0","0","0","0","0","0","0","1","0","1"
"582","1","1","1","1","1","1","1","1","1","1","1","0"
"583","0","0","0","0","0","0","0","0","0","1","0","1"
"584","0","0","1","0","1","1","1","0","0","1","1","1"
"585","0","0","1","0","1","1","1","0","0","1","1","1"
"586","0","1","1","1","1","1","0","1","0","1","0","1"
"587","0","0","1","1","1","1","1","1","0","1","0","1"
"588","1","1","1","1","1","0","1","1","1","0","1","1"
"589","0","1","0","0","0","0","0","0","0","0","0","0"
"590","1","0","0","0","0","0","0","0","0","0","0","0"
"591","0","1","0","1","0","0","1","1","1","0","1","1"
"592","1","1","1","1","1","1","1","1","1","1","1","0"
"593","1","1","1","1","1","1","1","1","1","1","1","1"
"594","1","1","1","1","1","1","1","1","1","1","1","1"
"595","0","0","1","1","1","1","0","1","0","0","1","0"
"596","1","1","1","0","1","0","1","0","0","0","1","0"
"597","1","1","1","0","1","0","1","1","1","1","1","0"
"598","0","0","0","0","1","0","0","0","0","0","1","0"
"599","0","1","1","1","1","1","1","1","1","1","1","1"
"600","0","0","1","0","0","0","0","0","1","0","0","0"
"601","1","1","1","1","1","1","1","1","1","1","1","1"
"602","1","0","0","0","0","1","1","1","0","1","0","0"
"603","1","1","1","1","1","1","1","1","1","0","1","0"
"604","1","1","1","0","1","1","1","1","1","0","1","1"
"605","1","1","1","0","1","1","1","1","1","1","1","1"
"606","0","1","0","0","0","0","1","0","0","0","0","0"
"607","1","1","1","0","1","0","1","1","1","0","1","0"
"608","1","1","0","1","0","0","0","1","0","1","0","1"
"609","1","1","1","1","1","1","1","1","1","1","1","1"
"610","1","1","1","1","1","1","1","1","1","1","1","1"
"611","0","0","0","1","1","0","0","0","0","1","0","1"
"612","0","0","0","1","0","0","0","0","0","1","1","1"
"613","0","0","1","0","0","0","1","0","1","0","0","0"
"614","0","1","1","1","1","1","1","1","1","1","1","0"
"615","1","1","1","0","1","1","1","1","1","1","1","0"
"616","0","1","1","1","1","1","1","1","0","1","1","1"
"617","0","1","1","1","1","0","0","1","1","1","1","0"
"618","0","0","0","1","0","1","0","0","0","1","0","1"
"619","1","0","1","0","1","0","1","0","0","0","1","1"
"620","0","0","1","0","1","1","1","0","1","0","1","0"
"621","0","0","1","0","1","0","1","1","1","0","0","0"
"622","1","0","1","0","1","1","0","0","1","0","1","0"
"623","1","1","1","0","1","1","1","0","0","0","1","0"
"624","0","1","1","1","1","1","1","1","1","0","1","0"
"625","1","1","1","1","1","0","0","1","0","0","0","0"
"626","1","1","1","1","1","1","1","1","1","1","1","1"
"627","0","1","1","0","1","1","1","1","1","0","1","0"
"628","0","1","1","0","1","1","1","1","0","1","1","0"
"629","0","1","1","0","1","0","1","1","1","0","1","0"
"630","1","1","1","0","1","1","1","1","0","1","1","0"
"631","0","0","0","0","0","0","0","0","0","1","0","1"
"632","1","1","1","1","1","1","1","1","1","1","1","1"
"633","1","1","1","1","1","1","1","1","1","1","1","0"
"634","0","1","1","1","1","1","1","1","1","1","1","0"
"635","0","0","0","0","0","0","0","1","0","0","0","0"
"636","0","0","1","0","0","0","0","0","0","0","1","0"
"637","1","1","1","1","1","0","1","1","1","0","1","0"
"638","1","1","1","1","1","1","1","1","1","1","1","0"
"639","1","1","1","1","1","0","1","1","1","0","1","1"
"640","0","1","1","0","1","1","1","1","1","0","1","0"
"641","1","1","1","1","1","1","0","1","1","1","1","1"
"642","1","1","1","1","1","1","1","1","1","1","1","0"
"643","0","1","1","1","1","1","1","1","1","1","1","1"
"644","0","0","0","0","0","0","0","1","1","0","0","0"
"645","1","1","1","1","1","0","1","1","1","1","1","1"
"646","1","1","1","1","1","1","1","1","1","1","1","1"
"647","1","1","1","1","1","1","1","1","1","0","1","1"
"648","0","1","1","1","1","0","1","1","1","1","1","1"
"649","1","1","1","1","1","1","1","1","1","0","1","0"
"650","1","1","1","1","1","1","1","1","1","1","1","0"
"651","0","1","1","1","0","1","0","1","1","0","0","1"
"652","0","0","1","0","1","1","1","0","1","0","1","0"
"653","1","1","1","1","1","1","1","1","1","1","1","1"
"654","1","1","1","0","1","0","1","1","1","0","0","0"
"655","0","1","1","1","1","1","1","0","1","1","1","1"
"656","1","0","0","0","1","0","1","1","1","0","0","0"
"657","0","0","1","1","1","0","1","1","1","0","1","0"
"658","0","1","1","1","1","0","1","1","1","1","1","1"
"659","0","1","0","0","0","0","0","1","0","0","0","0"
"660","0","0","1","1","1","1","1","1","0","0","1","1"
"661","1","0","0","0","1","0","0","1","1","1","1","0"
"662","0","1","1","0","1","0","1","1","1","1","1","0"
"663","0","0","1","1","1","1","1","0","1","1","1","0"
"664","0","1","0","0","1","0","0","1","0","1","0","0"
"665","1","1","1","1","1","1","1","1","1","1","1","1"
"666","1","1","1","1","1","1","1","1","1","1","1","0"
"667","1","1","1","0","1","0","1","0","1","1","1","1"
"668","1","1","1","1","1","1","1","1","1","1","1","1"
"669","0","1","1","1","1","1","1","1","1","0","1","1"
"670","1","1","1","1","1","1","0","1","1","1","1","1"
"671","0","1","1","0","1","0","1","1","1","0","1","0"
"672","0","1","0","0","0","0","1","1","1","0","1","1"
"673","1","1","0","0","0","0","1","1","1","0","0","0"
"674","1","1","1","1","1","1","1","1","1","1","1","1"
"675","0","0","1","0","0","0","0","1","1","1","1","1"
"676","0","0","0","0","1","1","1","1","1","0","1","0"
"677","0","1","1","1","1","0","1","1","1","0","0","0"
"678","0","1","0","1","0","0","0","1","0","1","1","1"
"679","1","1","1","1","1","1","1","1","1","1","1","1"
"680","0","0","1","0","1","0","0","1","1","1","1","1"
"681","0","1","1","1","1","1","1","1","1","1","1","1"
"682","0","1","0","1","1","1","0","1","0","1","0","0"
"683","0","1","1","0","1","1","1","1","1","1","1","0"
"684","1","0","0","0","0","0","1","1","1","0","0","0"
"685","1","1","0","1","0","1","0","0","1","1","0","1"
"686","1","1","1","1","1","1","1","1","1","0","1","1"
"687","0","1","1","1","1","1","1","1","1","1","1","1"
"688","0","1","1","0","1","0","1","0","1","1","1","0"
"689","1","1","1","1","1","1","1","1","1","1","1","1"
"690","0","1","1","0","1","1","1","1","1","0","1","1"
"691","1","1","1","1","1","1","1","1","1","0","1","1"
"692","0","1","1","1","1","1","1","1","1","1","1","1"
"693","1","1","1","1","1","0","1","1","1","0","1","0"
"694","0","1","1","1","0","1","0","1","1","0","1","1"
"695","1","1","1","1","0","1","1","1","1","1","1","1"
"696","1","1","1","1","1","1","1","1","1","0","1","0"
"697","0","1","1","0","1","0","0","1","1","0","1","0"
"698","0","1","1","1","1","1","1","1","1","1","1","1"
"699","1","1","1","1","1","1","1","1","1","0","1","1"
"700","0","0","0","1","0","1","0","1","1","0","0","0"
"701","0","1","1","1","1","1","1","1","1","0","1","0"
"702","1","1","1","1","1","1","1","1","1","0","1","1"
"703","1","1","1","1","1","0","1","1","1","1","1","1"
"704","0","1","1","0","1","1","1","1","1","0","1","1"
"705","1","1","0","1","1","0","0","1","1","1","1","1"
"706","1","1","1","1","1","1","1","1","1","1","0","0"
"707","0","0","0","0","1","0","0","1","0","0","0","0"
"708","1","1","1","1","1","0","1","1","1","1","1","1"
"709","1","1","1","0","1","1","1","1","0","0","1","1"
"710","0","0","1","0","1","0","0","1","1","0","0","0"
"711","1","1","1","1","1","0","1","1","1","1","1","1"
"712","1","1","1","1","1","0","1","1","1","1","1","1"
"713","0","0","0","0","0","0","1","0","0","1","0","1"
"714","0","0","1","1","1","0","0","0","1","1","1","1"
"715","0","1","0","0","0","0","0","0","1","0","0","0"
"716","1","1","1","1","0","1","1","1","1","1","1","1"
"717","1","1","1","1","1","0","1","1","1","1","1","1"
"718","0","0","0","1","0","0","0","0","0","1","0","1"
"719","0","1","1","1","1","1","0","0","0","1","0","1"
"720","1","1","1","1","1","0","0","1","1","1","1","0"
"721","1","1","1","1","1","1","1","1","1","0","1","0"
"722","0","1","1","1","1","1","1","1","1","1","1","1"
"723","0","1","1","0","1","0","1","1","1","0","1","1"
"724","1","1","1","1","0","1","1","1","1","1","1","0"
"725","1","1","1","1","1","0","1","1","1","1","1","1"
"726","0","1","0","0","0","0","1","0","0","0","0","0"
"727","1","1","1","1","1","1","1","1","1","1","1","0"
"728","0","1","1","1","1","1","1","1","1","1","1","1"
"729","1","1","0","1","1","1","1","1","1","1","1","1"
"730","1","1","1","1","1","0","1","1","1","1","1","1"
"731","0","1","1","0","1","1","1","1","1","0","1","1"
"732","1","1","1","1","1","1","1","1","0","1","1","0"
"733","0","1","1","1","1","1","1","0","1","0","1","1"
"734","0","1","1","1","1","1","1","1","1","1","1","1"
"735","0","1","1","0","1","0","1","1","1","0","1","0"
"736","1","1","1","1","1","1","1","1","1","1","1","1"
"737","0","1","1","1","1","1","1","0","1","1","1","1"
"738","0","0","1","0","1","0","1","1","1","0","1","0"
"739","0","0","1","1","1","1","1","1","1","0","1","1"
"740","0","0","1","0","1","0","1","0","1","1","1","1"
"741","0","1","0","0","0","1","1","1","1","0","1","0"
"742","1","1","1","1","1","0","1","1","1","1","1","1"
"743","0","1","1","1","1","1","1","1","1","1","1","1"
"744","0","1","0","1","1","1","0","1","0","1","0","1"
"745","0","0","0","1","1","1","1","0","0","0","0","0"
"746","0","0","0","1","1","0","1","0","0","1","0","1"
"747","1","1","1","1","1","1","1","1","1","1","1","1"
"748","0","0","1","1","1","1","1","1","0","1","1","1"
"749","1","0","0","0","0","0","1","0","0","0","0","0"
"750","0","1","1","0","1","0","1","0","0","0","1","1"
"751","1","1","1","1","1","1","1","1","1","1","1","1"
"752","1","1","1","1","1","1","1","1","1","1","1","1"
"753","1","0","0","0","0","0","1","0","0","1","1","0"
"754","1","0","1","0","0","0","1","1","1","0","1","0"
"755","0","1","1","0","1","0","1","1","1","0","1","0"
"756","1","1","1","1","1","1","1","1","1","1","1","1"
"757","0","1","1","1","1","1","1","0","1","1","1","1"
"758","0","1","1","1","1","1","1","1","1","1","1","0"
"759","1","1","0","1","0","0","0","1","1","1","1","1"
"760","0","0","1","0","1","0","1","0","0","0","1","0"
"761","1","1","1","0","1","0","1","1","1","0","1","0"
"762","0","0","1","0","1","1","1","0","0","1","0","0"
"763","0","1","1","1","1","1","1","1","1","1","1","1"
"764","0","1","1","0","1","1","0","1","1","0","1","0"
"765","1","1","1","1","1","1","1","1","1","1","1","1"
"766","0","1","0","0","0","0","0","1","1","0","0","0"
"767","0","1","1","1","1","1","1","1","1","1","1","1"
"768","1","1","1","1","1","1","1","1","0","1","1","1"
"769","1","1","1","1","1","1","1","1","1","1","1","1"
"770","0","1","1","1","1","1","1","1","1","1","1","0"
"771","0","0","1","1","1","0","0","0","0","1","1","1"
"772","0","1","1","0","1","1","1","1","1","0","1","0"
"773","0","1","1","1","1","1","1","1","1","1","1","0"
"774","0","1","1","1","1","1","1","0","1","0","1","0"
"775","1","1","1","0","1","0","1","1","1","0","1","0"
"776","1","0","0","0","0","0","1","0","0","0","0","0"
"777","0","1","1","1","1","1","1","0","1","1","1","0"
"778","0","1","1","0","0","0","1","0","0","0","0","0"
"779","0","0","0","0","0","0","0","1","1","0","0","0"
"780","1","1","1","0","1","1","1","1","1","1","1","1"
"781","1","1","1","1","1","1","1","1","1","1","1","1"
"782","1","1","1","1","1","1","1","1","1","1","1","1"
"783","0","1","0","0","0","0","1","1","1","0","1","0"
"784","1","0","1","1","1","1","1","0","0","1","1","0"
"785","1","1","1","1","1","0","1","1","1","0","1","0"
"786","1","1","1","1","1","0","1","1","1","0","1","0"
"787","0","0","1","0","1","0","1","0","1","0","0","1"
"788","0","0","0","0","1","0","1","0","1","0","1","0"
"789","1","1","1","1","1","1","1","0","1","1","1","1"
"790","0","1","1","1","1","1","1","1","1","1","1","1"
"791","0","0","1","0","1","0","0","0","0","0","1","0"
"792","1","1","1","1","1","1","1","1","1","1","1","0"
"793","0","0","1","1","0","0","0","1","0","1","0","0"
"794","1","1","1","1","1","1","1","1","1","1","1","0"
"795","0","1","1","1","1","1","1","1","1","1","1","0"
"796","1","1","1","0","1","1","1","0","1","1","1","1"
"797","1","1","1","1","1","1","1","1","1","1","1","1"
"798","0","1","1","1","1","0","1","1","1","1","1","0"
"799","0","1","1","1","1","1","1","1","1","1","1","0"
"800","0","1","1","0","0","0","1","1","1","0","1","1"
"801","0","0","0","1","1","1","0","0","0","1","1","0"
"802","1","1","1","0","1","0","1","1","1","0","1","0"
"803","1","1","1","0","1","1","1","1","1","0","1","0"
"804","0","1","1","0","1","1","1","1","1","1","1","0"
"805","0","0","1","0","1","0","0","1","1","0","1","0"
"806","0","1","0","0","1","0","0","1","0","1","0","1"
"807","1","1","1","0","1","1","1","1","1","1","1","0"
"808","1","1","1","1","1","1","1","1","1","1","1","1"
"809","1","1","1","1","1","0","1","1","1","1","1","1"
"810","1","1","1","1","1","1","1","1","1","1","1","1"
"811","1","1","1","1","1","0","1","1","1","0","1","1"
"812","1","1","1","0","1","1","1","1","0","0","1","0"
"813","0","1","1","1","1","1","1","1","1","1","1","1"
"814","0","1","0","0","0","0","1","1","0","0","1","0"
"815","1","1","1","0","0","0","0","1","0","0","0","0"
"816","0","1","1","1","1","0","1","1","0","0","1","0"
"817","0","1","1","0","0","0","0","0","0","0","1","0"
"818","1","1","1","0","1","1","1","1","1","0","1","1"
"819","0","1","1","1","1","1","1","1","1","1","1","0"
"820","1","1","1","1","1","1","1","1","1","1","1","0"
"821","1","0","1","0","1","0","1","0","0","1","1","1"
"822","1","1","1","1","1","1","1","1","1","1","1","1"
"823","1","1","1","0","1","0","1","1","1","0","1","0"
"824","1","1","1","1","1","1","1","1","1","1","1","0"
"825","0","1","0","0","0","0","1","1","1","0","0","0"
"826","1","1","1","1","1","1","1","0","0","1","1","1"
"827","0","0","1","1","1","1","1","1","1","1","1","0"
"828","1","0","0","0","0","0","1","0","1","0","0","0"
"829","1","1","1","1","1","0","1","1","1","0","0","0"
"830","1","1","1","1","1","1","1","1","1","1","1","0"
"831","1","1","1","1","1","1","1","1","1","0","1","0"
"832","1","1","1","0","1","0","1","1","1","0","1","0"
"833","0","1","1","1","1","1","1","1","1","1","1","1"
"834","1","1","1","0","1","0","1","0","1","1","1","0"
"835","0","1","0","0","0","1","1","0","0","0","1","0"
"836","0","1","0","1","1","1","1","0","1","0","0","1"
"837","1","1","1","1","1","1","1","1","1","1","1","0"
"838","0","1","1","1","1","1","1","1","1","1","1","1"
"839","1","1","1","1","1","0","1","1","1","1","1","1"
"840","1","1","1","1","1","1","1","1","1","1","1","1"
"841","1","1","0","0","0","0","0","1","1","0","1","0"
"842","0","0","1","1","1","1","0","1","1","0","1","1"
"843","1","1","0","0","0","0","0","1","0","0","0","1"
"844","0","1","0","0","0","0","1","1","1","0","1","0"
"845","1","1","0","1","0","1","1","0","0","0","1","0"
"846","0","1","1","0","1","1","1","1","1","1","1","0"
"847","0","0","1","1","1","1","1","0","0","1","1","0"
"848","1","1","1","1","1","1","1","1","1","0","1","0"
"849","1","0","0","0","0","0","0","0","0","0","0","0"
"850","0","1","1","1","1","1","1","1","1","1","1","1"
"851","1","1","1","0","1","1","1","1","1","0","1","0"
"852","0","0","0","1","1","0","1","1","1","0","1","0"
"853","1","0","0","0","0","0","0","1","0","0","0","0"
"854","1","0","1","0","1","0","1","0","0","0","1","0"
"855","0","0","1","0","1","0","0","0","0","0","1","0"
"856","1","0","0","0","0","0","0","1","0","0","1","0"
"857","0","1","1","0","0","0","1","1","1","1","1","0"
"858","1","1","1","1","1","1","1","1","1","1","1","1"
"859","0","0","1","0","0","1","1","0","0","0","0","0"
"860","1","1","1","1","1","1","1","1","1","1","0","1"
"861","1","1","0","0","0","0","0","0","0","0","0","0"
"862","1","1","1","0","0","0","1","1","0","0","0","0"
"863","0","0","0","0","0","0","0","1","1","0","0","0"
"864","0","0","1","1","1","1","1","1","1","1","1","1"
"865","1","1","1","1","1","1","1","0","1","0","1","1"
"866","0","1","1","1","1","1","1","0","0","0","0","0"
"867","1","1","1","0","1","1","1","0","1","0","1","0"
"868","0","1","1","0","1","0","1","0","1","0","1","0"
"869","1","1","1","1","1","1","1","1","1","1","1","1"
"870","0","0","1","0","1","1","0","1","0","1","1","1"
"871","1","1","1","1","1","1","1","1","1","0","1","1"
"872","1","1","1","1","1","1","1","1","1","0","1","1"
"873","0","1","1","0","1","0","1","1","0","0","1","0"
"874","0","1","1","1","1","1","1","1","1","1","0","0"
"875","1","1","1","1","1","0","1","1","1","1","1","0"
"876","0","1","1","0","1","0","1","1","1","1","1","0"
"877","1","1","1","0","1","0","1","1","1","0","1","1"
"878","1","1","1","1","1","1","1","1","1","1","1","1"
"879","1","1","0","0","0","0","0","0","0","0","0","0"
"880","1","1","0","0","0","0","0","1","1","0","0","0"
"881","1","0","0","0","0","0","1","0","0","0","0","0"
"882","1","0","1","1","1","1","1","1","1","1","1","1"
"883","0","1","1","1","1","0","1","1","1","1","1","1"
"884","1","1","1","1","1","1","1","1","1","1","1","1"
"885","1","1","1","1","1","1","1","1","1","0","1","0"
"886","1","1","0","0","1","1","1","1","0","1","1","1"
"887","1","0","0","0","0","0","0","0","0","0","0","0"
"888","0","1","1","0","1","0","0","0","0","0","1","1"
"889","1","1","1","1","1","1","1","1","0","1","1","1"
"890","0","1","1","0","1","0","1","1","1","1","1","0"
"891","1","1","1","1","1","1","1","1","1","1","1","0"
"892","1","1","1","0","0","0","0","1","1","1","1","1"
"893","0","1","1","0","1","1","0","1","1","1","1","1"
"894","0","1","1","1","1","0","1","0","1","0","1","0"
"895","1","1","1","1","1","1","1","0","0","0","1","0"
"896","1","1","1","0","1","0","1","1","1","0","1","0"
"897","1","1","1","1","1","0","1","1","1","0","1","1"
"898","1","1","1","0","1","0","1","0","0","0","1","0"
"899","0","0","1","1","1","0","1","1","1","1","1","0"
"900","0","0","0","1","0","1","0","0","0","1","0","0"
"901","0","1","1","0","1","0","1","1","0","0","0","0"
"902","0","0","0","1","0","1","0","0","0","0","1","1"
"903","0","0","1","1","0","1","1","0","0","1","1","0"
"904","1","1","1","1","1","0","1","1","1","1","1","1"
"905","1","1","0","0","0","0","1","0","0","0","0","0"
"906","1","0","0","0","0","0","0","0","0","0","0","0"
"907","1","0","1","1","1","0","1","1","1","1","1","1"
"908","0","1","1","1","0","0","1","1","1","1","1","1"
"909","1","1","1","1","1","1","1","1","0","0","0","1"
"910","0","0","1","1","1","1","1","0","0","0","0","1"
"911","0","1","0","0","1","0","0","1","1","0","1","1"
"912","0","0","1","1","0","1","1","1","1","1","1","1"
"913","0","0","0","1","1","1","0","1","0","0","0","0"
"914","0","1","1","1","1","0","1","1","1","1","1","1"
"915","0","0","1","0","0","0","0","0","1","0","1","0"
"916","0","1","0","0","1","0","0","1","1","0","1","0"
"917","0","1","0","0","1","0","0","1","1","0","1","1"
"918","0","1","1","1","1","1","1","1","1","1","1","0"
"919","1","1","1","1","1","1","1","1","1","1","1","1"
"920","1","1","1","1","1","1","1","1","1","0","1","1"
"921","0","0","0","1","1","0","0","0","0","0","0","0"
"922","1","1","1","1","1","0","1","0","1","1","1","0"
"923","1","1","1","0","0","0","1","1","1","0","0","0"
"924","1","1","1","1","1","1","1","1","1","1","1","1"
"925","0","0","1","0","0","1","0","1","1","1","1","0"
"926","0","0","0","1","0","0","0","0","1","1","0","1"
"927","0","1","1","1","1","0","1","1","1","1","1","1"
"928","1","1","0","0","0","0","0","1","1","0","0","0"
"929","0","1","1","0","1","0","1","1","1","0","1","1"
"930","1","1","1","1","1","1","1","1","1","1","1","1"
"931","1","1","0","0","0","0","0","1","0","0","0","1"
"932","0","1","1","1","1","1","1","1","1","1","1","0"
"933","1","1","1","0","1","1","1","1","0","1","1","1"
"934","1","1","0","0","0","0","1","1","0","0","0","0"
"935","1","0","1","0","1","0","0","1","1","0","1","0"
"936","0","0","1","0","1","0","0","1","0","0","0","1"
"937","1","1","0","0","1","0","1","1","0","0","1","0"
"938","0","0","1","1","1","1","0","0","0","1","1","1"
"939","1","1","1","0","1","0","1","1","0","0","1","0"
"940","0","0","0","1","1","1","1","0","0","1","1","0"
"941","1","1","1","0","1","0","1","1","0","0","1","0"
"942","0","0","1","0","0","0","0","0","0","1","1","1"
"943","0","1","1","1","1","0","1","0","1","0","1","0"
"944","1","1","1","1","1","0","1","1","1","1","1","1"
"945","1","0","1","0","1","0","1","0","0","0","0","0"
"946","0","1","1","1","1","1","1","0","0","1","1","1"
"947","0","0","0","1","0","0","1","1","0","0","0","0"
"948","0","1","0","0","0","0","0","0","0","0","0","0"
"949","1","0","1","0","1","1","1","0","0","1","1","1"
"950","1","1","1","1","1","1","1","1","1","1","1","1"
"951","1","1","0","1","1","1","0","1","1","1","1","0"
"952","0","0","0","0","0","1","0","1","0","1","0","1"
"953","0","1","0","0","0","0","0","1","0","0","0","1"
"954","1","1","1","1","1","0","1","1","1","1","1","0"
"955","1","1","0","1","0","0","1","0","1","0","1","0"
"956","0","1","1","1","1","1","1","1","1","1","1","1"
"957","1","1","1","0","1","0","1","1","1","1","1","0"
"958","0","0","1","0","1","0","0","0","0","1","0","0"
"959","1","1","1","1","1","1","1","1","1","1","1","1"
"960","1","1","1","1","1","1","1","1","1","1","1","0"
"961","1","1","0","0","0","0","1","0","1","0","1","0"
"962","1","1","1","1","1","1","1","1","1","1","1","1"
"963","0","1","1","1","1","1","1","0","1","1","1","1"
"964","1","1","1","1","1","0","1","1","1","1","1","1"
"965","1","1","1","1","1","0","1","1","0","1","1","1"
"966","0","0","1","0","1","0","1","0","1","0","0","0"
"967","1","1","1","0","1","0","1","1","0","0","1","0"
"968","1","1","1","1","1","1","1","1","1","1","1","0"
"969","1","1","1","1","1","0","0","0","1","1","1","1"
"970","0","0","1","0","1","0","0","0","0","1","0","0"
"971","1","1","1","0","1","1","1","1","1","0","1","0"
"972","0","1","1","1","1","1","1","1","1","1","1","1"
"973","1","1","1","1","1","1","1","1","1","1","1","0"
"974","1","1","1","0","1","0","1","1","0","0","1","1"
"975","0","0","0","1","0","0","0","0","0","1","0","1"
"976","0","0","0","0","1","1","0","0","0","0","1","0"
"977","0","1","1","1","1","1","1","1","1","1","1","1"
"978","1","1","1","1","1","1","1","1","1","1","1","1"
"979","1","1","1","1","1","1","1","1","1","1","1","0"
"980","1","1","1","1","1","1","1","1","1","1","1","1"
"981","1","1","1","1","1","1","1","1","1","1","1","0"
"982","0","0","0","0","0","0","0","1","1","1","0","1"
"983","0","1","0","1","0","1","0","0","0","0","1","1"
"984","0","1","1","1","1","1","1","1","1","0","1","1"
"985","0","1","1","1","1","1","1","1","1","1","1","1"
"986","1","1","1","1","1","1","1","1","1","1","1","0"
"987","1","1","1","1","1","1","1","1","1","1","1","0"
"988","1","1","0","0","0","0","0","1","0","0","0","1"
"989","1","1","1","1","1","1","1","1","1","1","1","1"
"990","0","1","1","1","1","1","1","1","1","1","1","1"
"991","1","1","1","1","1","1","1","1","1","1","1","1"
"992","0","0","1","0","1","0","0","1","1","0","1","0"
"993","1","0","1","1","1","1","1","0","1","0","1","0"
"994","1","1","1","1","1","1","1","1","1","1","1","1"
"995","0","1","1","0","1","0","1","1","1","0","1","0"
"996","0","1","1","0","1","0","0","1","1","0","1","0"
"997","0","0","1","0","1","0","1","0","1","1","1","1"
"998","0","1","1","1","1","1","1","1","1","1","1","1"
"999","1","1","1","0","1","0","1","0","1","0","1","1"
"1000","1","0","0","1","0","1","1","1","0","1","1","0"
"1001","1","0","1","0","1","0","1","1","0","1","1","0"
"1002","1","1","1","1","1","0","1","0","0","1","0","1"
"1003","0","1","1","1","1","1","1","1","1","1","1","1"
"1004","0","0","1","1","1","1","0","0","0","1","1","1"
"1005","1","1","0","0","0","0","1","1","0","0","1","0"
"1006","0","0","0","1","1","0","0","0","0","1","0","1"
"1007","0","0","0","1","0","0","0","0","0","1","0","1"
"1008","1","0","0","0","0","0","0","1","0","0","0","1"
"1009","1","1","1","0","0","0","1","0","0","0","1","1"
"1010","0","1","1","0","1","0","0","0","0","0","0","0"
"1011","0","0","0","0","0","0","0","0","0","1","0","1"
"1012","0","0","1","0","0","0","0","1","1","0","0","0"
"1013","1","1","1","1","0","0","1","1","1","1","1","0"
"1014","0","0","0","1","1","0","0","0","0","1","0","0"
"1015","0","0","1","0","1","0","0","1","1","0","1","0"
"1016","1","1","1","1","1","0","1","1","1","1","1","1"
"1017","1","0","0","0","0","0","0","0","0","1","0","0"
"1018","1","0","0","0","0","0","0","1","0","0","0","0"
"1019","1","1","1","1","1","0","1","1","1","0","1","1"
"1020","1","1","1","0","1","1","1","1","1","1","1","1"
"1021","0","0","0","0","0","0","1","1","0","0","1","0"
"1022","0","1","1","1","1","0","1","0","0","0","1","1"
"1023","0","1","0","0","0","0","0","1","0","0","0","0"
"1024","1","1","1","1","1","0","1","1","0","1","1","0"
"1025","1","0","0","0","0","0","0","0","0","1","0","1"
"1026","0","0","0","0","0","0","1","1","1","1","1","1"
"1027","0","1","1","1","1","0","1","0","0","1","1","1"
"1028","0","0","1","0","0","0","1","0","0","0","0","1"
"1029","1","1","1","1","1","0","1","1","1","1","1","1"
"1030","1","1","1","1","1","0","1","1","1","1","1","0"
"1031","1","1","1","0","1","0","1","1","1","0","1","0"
"1032","1","1","1","1","1","0","1","1","1","1","1","0"
"1033","0","0","0","1","1","0","1","0","0","1","0","1"
"1034","1","1","0","0","1","0","1","0","0","1","0","1"
"1035","1","1","1","1","1","0","0","1","0","1","1","1"
"1036","1","0","0","0","0","0","1","0","1","0","0","0"
"1037","0","1","1","1","1","0","1","0","1","1","1","1"
"1038","0","1","1","1","1","0","0","0","1","1","1","0"
"1039","0","0","1","0","1","0","1","0","0","0","0","0"
"1040","0","0","0","1","0","0","0","0","1","1","1","0"
"1041","1","1","0","0","0","0","0","1","1","1","0","0"
"1042","1","1","1","0","1","0","1","0","1","1","1","0"
"1043","1","1","1","1","1","0","1","1","1","1","1","1"
"1044","1","1","1","1","1","0","1","1","1","1","1","1"
"1045","1","1","0","0","0","0","1","0","0","0","0","0"
"1046","0","1","1","0","1","0","0","1","1","0","1","1"
"1047","1","1","1","1","1","0","1","1","1","1","1","0"
"1048","0","0","1","0","0","0","0","1","1","0","1","0"
"1049","0","1","1","1","1","0","1","0","1","1","1","1"
"1050","0","0","0","0","0","0","0","1","0","0","0","0"
"1051","0","1","1","1","1","0","1","0","0","0","0","1"
"1052","1","1","1","1","1","0","1","1","1","1","1","1"
"1053","1","1","1","0","1","0","1","1","1","1","1","1"
"1054","1","0","0","0","0","0","0","1","1","0","0","0"
"1055","0","0","0","0","1","0","0","1","0","0","0","0"
"1056","1","0","0","0","0","0","0","1","1","0","0","0"
"1057","1","0","1","0","0","0","1","0","0","0","1","1"
"1058","1","0","0","0","0","0","1","0","0","1","0","0"
"1059","1","0","0","0","1","0","0","0","1","0","1","0"
"1060","1","1","0","0","0","0","1","1","0","0","0","0"
"1061","0","1","1","1","1","0","1","0","0","1","1","0"
"1062","1","1","0","0","0","0","0","0","0","0","0","0"
"1063","0","0","1","1","1","0","0","0","0","1","1","0"
"1064","1","0","0","0","0","0","0","1","0","0","0","0"
"1065","1","1","0","0","0","0","0","0","0","0","0","0"
"1066","1","0","1","1","1","0","1","1","1","1","1","1"
"1067","1","1","1","1","1","0","1","1","1","0","1","1"
"1068","0","0","1","1","1","0","1","0","0","1","1","1"
"1069","1","1","1","1","1","0","1","1","1","1","1","1"
"1070","0","0","0","1","0","0","0","0","0","1","0","0"
"1071","0","0","0","0","0","0","0","1","1","0","0","0"
"1072","0","1","1","0","1","0","1","1","0","0","1","0"
"1073","0","1","1","0","1","0","1","0","1","0","1","0"
"1074","1","1","1","1","1","0","1","1","1","1","1","1"
"1075","0","0","1","0","1","0","1","0","0","0","1","0"
"1076","1","1","1","1","1","0","1","1","1","1","1","1"
"1077","1","0","0","0","1","0","0","0","1","0","0","0"
"1078","0","1","1","0","1","0","1","0","1","0","1","0"
"1079","0","0","1","1","0","0","0","1","1","0","1","0"
"1080","0","1","1","0","1","0","0","1","1","0","1","0"
"1081","0","0","0","1","0","0","0","0","0","1","0","0"
"1082","0","1","1","0","1","0","1","0","1","0","1","0"
"1083","0","0","1","0","1","0","1","0","0","0","0","0"
"1084","0","1","1","0","0","0","1","0","0","0","1","1"
"1085","0","0","0","1","0","0","0","0","0","1","0","1"
"1086","1","1","0","0","0","0","0","1","0","0","0","0"
"1087","1","1","1","0","1","0","1","1","0","0","0","0"
"1088","1","1","0","0","0","0","1","0","0","0","0","0"
"1089","0","0","1","0","1","0","0","1","0","0","1","0"
"1090","0","0","1","1","1","0","1","0","0","1","1","1"
"1091","1","0","0","0","0","0","0","0","1","0","0","0"
"1092","0","0","0","1","0","0","0","0","0","1","0","0"
"1093","1","1","1","0","1","0","1","1","1","0","1","0"
"1094","1","0","0","1","1","0","0","0","1","0","1","1"
"1095","0","1","1","1","1","1","1","0","1","1","1","1"
"1096","1","1","1","1","1","0","1","1","1","1","1","1"
"1097","0","0","0","1","0","0","0","0","0","1","0","0"
"1098","0","1","1","1","1","1","0","1","1","0","1","0"
"1099","1","1","1","1","1","0","1","1","1","1","1","1"
"1100","1","1","1","1","1","1","1","1","1","1","1","0"
"1101","0","1","1","1","1","0","1","1","1","0","1","1"
"1102","1","1","1","0","1","1","1","1","1","0","1","1"
"1103","1","1","1","1","1","1","1","1","1","1","1","1"
"1104","0","0","0","0","0","0","0","1","0","1","1","1"
"1105","0","1","0","0","0","1","0","0","1","0","0","0"
"1106","1","1","1","1","1","1","1","1","1","1","1","1"
"1107","1","1","1","0","1","1","1","1","1","1","1","1"
"1108","0","0","0","0","0","0","0","1","0","1","0","1"
"1109","0","1","0","0","1","0","0","0","0","1","0","1"
"1110","0","0","0","0","1","1","0","0","0","0","1","0"
"1111","1","0","0","0","0","0","0","1","0","0","0","0"
"1112","0","1","1","1","1","1","1","1","1","1","1","1"
"1113","1","1","1","0","0","0","1","1","0","0","0","1"
"1114","0","0","0","0","0","0","0","1","1","0","0","1"
"1115","0","1","0","1","1","1","1","0","0","1","0","0"
"1116","1","1","1","1","1","1","1","1","1","0","1","0"
"1117","0","1","1","1","1","1","1","1","1","1","1","1"
"1118","1","1","1","1","1","1","1","1","1","1","1","1"
"1119","0","0","0","0","1","0","0","0","0","1","0","1"
"1120","0","1","1","1","1","1","1","0","0","1","1","1"
"1121","0","1","0","0","0","0","1","0","0","0","1","0"
"1122","0","0","0","1","0","0","0","0","0","1","0","0"
"1123","0","0","1","1","1","0","1","0","0","1","0","1"
"1124","1","0","1","1","1","0","1","1","1","1","0","0"
"1125","1","1","1","0","0","0","1","1","0","0","0","1"
"1126","0","0","1","0","1","0","0","0","0","0","1","0"
"1127","0","0","1","0","1","0","0","0","1","0","1","0"
"1128","1","1","1","1","1","1","1","1","1","0","1","1"
"1129","0","0","1","1","1","1","1","0","0","1","0","1"
"1130","0","0","0","0","1","0","0","1","1","0","1","0"
"1131","1","1","1","0","1","0","1","1","1","0","1","0"
"1132","0","1","1","0","0","0","1","0","1","0","1","0"
"1133","1","1","1","0","1","1","1","1","0","1","1","0"
"1134","0","1","1","0","1","1","1","1","1","0","1","0"
"1135","0","0","0","1","0","1","1","1","1","1","0","0"
"1136","0","0","1","0","1","0","1","0","0","0","1","0"
"1137","1","0","1","1","1","0","1","0","0","1","1","1"
"1138","0","1","1","1","1","0","1","1","1","0","1","1"
"1139","1","1","1","1","1","1","1","1","1","0","1","0"
"1140","1","1","1","0","1","0","1","1","1","0","1","0"
"1141","0","1","1","1","1","1","1","0","1","1","1","1"
"1142","0","0","1","0","1","0","1","0","0","0","0","1"
"1143","0","0","0","1","0","0","0","0","0","1","0","1"
"1144","1","1","1","1","1","1","1","1","1","1","1","1"
"1145","1","1","1","0","1","0","1","1","1","0","1","0"
"1146","0","0","0","1","0","0","0","0","0","1","0","0"
"1147","1","1","1","1","1","1","1","1","1","1","1","1"
"1148","0","1","1","0","1","0","1","1","1","0","1","0"
"1149","0","0","0","0","0","0","0","0","0","1","0","1"
"1150","1","1","1","1","1","1","1","1","1","1","1","1"
"1151","1","1","1","0","1","0","1","1","1","0","1","0"
"1152","0","0","0","0","0","0","0","0","0","1","0","1"
"1153","1","1","1","1","1","1","1","1","1","1","1","1"
"1154","1","1","1","1","1","1","1","1","1","1","1","1"
"1155","1","1","1","1","1","1","1","1","1","1","1","1"
"1156","0","1","1","1","1","0","1","1","1","1","0","0"
"1157","0","0","0","0","0","0","0","1","0","1","1","0"
"1158","1","1","1","1","1","1","1","1","1","0","1","0"
"1159","0","1","1","1","1","1","1","1","1","1","1","1"
"1160","0","1","1","1","1","0","1","1","1","0","1","1"
"1161","0","1","1","1","1","0","1","0","1","1","1","1"
"1162","0","1","0","1","0","1","0","0","0","1","0","1"
"1163","1","1","1","1","1","1","1","1","1","1","1","1"
"1164","0","1","1","1","1","1","1","0","1","1","1","1"
"1165","1","1","1","1","1","1","1","1","1","1","1","1"
"1166","0","1","1","1","1","1","1","1","1","0","1","0"
"1167","1","1","1","1","1","1","1","1","1","1","1","0"
"1168","0","1","0","0","0","0","0","1","1","1","0","0"
"1169","0","1","1","0","0","0","0","1","1","0","0","0"
"1170","0","0","0","1","1","1","0","0","0","1","1","0"
"1171","1","0","1","0","0","0","0","0","1","0","1","0"
"1172","0","0","0","0","0","0","1","0","0","0","0","1"
"1173","0","1","1","1","1","0","1","1","1","1","1","0"
"1174","0","0","1","0","1","0","0","1","0","0","1","0"
"1175","1","1","1","0","1","0","1","1","1","0","1","1"
"1176","0","1","1","0","1","1","1","1","0","0","1","0"
"1177","0","1","0","1","0","1","1","1","0","1","1","0"
"1178","0","1","1","1","1","0","0","1","1","0","1","1"
"1179","1","1","1","0","1","0","1","1","1","0","1","0"
"1180","1","1","1","0","1","0","1","1","0","0","1","0"
"1181","1","1","1","1","1","1","1","1","1","1","1","1"
"1182","0","0","1","1","1","1","0","1","1","1","1","1"
"1183","0","1","1","1","1","1","1","1","1","1","1","1"
"1184","1","1","1","0","1","0","1","1","1","0","1","0"
"1185","0","0","0","0","0","0","0","0","0","1","0","1"
"1186","0","0","1","0","1","0","0","0","0","0","1","0"
"1187","0","0","1","0","1","1","1","1","1","1","1","1"
"1188","0","0","0","1","1","0","1","1","0","0","0","1"
"1189","0","1","1","0","1","1","1","0","0","1","1","1"
"1190","0","0","1","0","1","1","1","0","0","0","0","1"
"1191","0","0","1","0","1","1","1","0","0","0","0","1"
"1192","0","1","1","1","1","1","0","0","0","1","1","1"
"1193","1","1","1","1","1","1","1","1","1","1","1","0"
"1194","0","1","1","0","1","0","1","0","1","0","0","0"
"1195","0","0","1","1","0","0","1","0","0","0","1","0"
"1196","0","1","1","0","1","0","1","1","1","0","1","1"
"1197","1","1","1","1","1","1","1","1","1","1","1","0"
"1198","1","0","1","0","0","1","1","1","1","1","1","1"
"1199","1","1","1","1","1","1","1","1","1","1","1","1"
"1200","1","1","1","1","1","1","1","1","1","1","1","1"
"1201","1","0","1","0","1","0","1","0","0","0","1","0"
"1202","0","1","1","1","1","1","1","1","1","1","1","0"
"1203","0","0","0","1","0","0","0","0","0","1","0","1"
"1204","1","1","1","1","1","1","1","1","1","1","1","0"
"1205","0","0","0","1","0","0","0","0","0","1","0","0"
"1206","0","0","0","1","1","1","1","0","1","1","1","0"
"1207","0","1","1","0","1","1","1","1","1","1","1","1"
"1208","1","0","0","0","0","0","1","0","1","0","0","0"
"1209","0","0","1","0","1","0","0","0","0","0","1","0"
"1210","0","1","1","0","1","0","1","1","0","0","1","0"
"1211","1","1","1","1","1","1","1","0","1","1","1","1"
"1212","0","1","0","0","0","0","1","1","1","0","0","0"
"1213","1","1","1","0","1","1","1","1","1","0","1","0"
"1214","1","1","1","1","1","1","1","1","1","1","1","0"
"1215","1","1","1","1","1","1","1","1","1","1","1","1"
"1216","1","0","0","0","0","0","0","1","1","1","1","1"
"1217","1","1","1","0","1","0","1","1","1","0","1","0"
"1218","1","0","1","0","1","0","1","0","1","1","1","0"
"1219","0","0","1","1","1","0","0","0","0","1","0","1"
"1220","0","1","0","0","0","0","0","1","1","0","0","0"
"1221","0","1","1","1","1","1","1","1","1","0","1","0"
"1222","1","1","1","1","1","1","1","1","1","1","1","1"
"1223","1","1","1","0","1","0","1","1","1","0","1","0"
"1224","0","0","0","1","0","1","0","1","0","1","1","1"
"1225","0","0","1","1","1","1","1","1","1","1","1","1"
"1226","1","1","1","1","1","1","1","1","1","1","1","1"
"1227","1","1","1","1","0","1","1","1","1","1","1","1"
"1228","0","1","1","1","0","0","1","1","0","0","0","0"
"1229","1","1","0","0","1","0","1","1","1","0","1","0"
"1230","0","0","0","0","0","0","0","0","1","0","1","0"
"1231","0","0","0","0","0","0","1","1","1","0","0","0"
"1232","1","0","0","0","0","0","0","0","1","1","0","0"
"1233","1","0","0","0","0","0","1","0","0","0","0","0"
"1234","1","1","0","0","0","0","0","1","1","1","0","0"
"1235","1","0","0","0","0","0","1","0","0","0","0","0"
"1236","1","1","0","0","1","0","1","1","1","0","1","0"
"1237","1","0","0","0","0","0","0","0","1","0","0","0"
"1238","0","1","1","0","1","0","1","0","0","0","0","0"
"1239","1","0","0","0","0","0","1","1","1","0","0","0"
"1240","1","1","1","0","1","0","1","1","1","0","1","0"
"1241","0","1","1","0","0","1","1","1","0","1","0","0"
"1242","1","1","1","1","1","0","1","1","1","0","1","0"
"1243","0","1","1","0","1","0","1","0","0","0","1","0"
"1244","1","1","1","1","1","0","1","1","1","1","1","0"
"1245","0","1","1","1","1","0","1","1","1","0","1","0"
"1246","0","1","1","0","1","0","1","1","1","0","1","0"
"1247","1","1","0","1","0","0","1","1","0","1","1","0"
"1248","0","0","0","1","0","0","0","0","0","1","0","1"
"1249","0","0","0","1","1","0","0","0","0","1","0","0"
"1250","0","0","0","0","0","0","0","0","0","1","0","1"
"1251","0","1","0","1","0","0","0","1","1","1","0","1"
"1252","1","1","1","0","1","0","1","0","1","1","1","0"
"1253","1","1","1","0","1","0","1","1","1","1","1","0"
"1254","0","1","1","1","1","0","1","1","1","1","1","0"
"1255","1","1","1","1","1","0","1","0","1","0","1","0"
"1256","1","1","1","0","1","0","1","1","1","0","1","0"
"1257","1","1","1","0","1","0","1","1","1","0","1","1"
"1258","1","1","1","1","1","0","0","1","0","1","1","1"
"1259","1","1","1","1","1","0","1","1","1","1","1","1"
"1260","1","1","0","0","0","0","0","0","0","0","0","0"
"1261","0","1","1","1","1","0","1","1","1","0","1","1"
"1262","1","1","1","1","0","0","1","1","1","1","1","1"
"1263","1","1","0","1","0","0","1","0","0","0","1","0"
"1264","0","0","0","0","0","0","0","1","0","0","1","0"
"1265","0","0","0","1","0","0","0","0","0","1","0","1"
"1266","0","0","0","0","0","0","0","0","0","1","1","1"
"1267","0","0","0","0","0","0","0","0","0","1","0","1"
"1268","0","1","1","1","1","0","1","0","1","0","1","0"
"1269","1","0","1","0","1","0","1","0","1","0","1","1"
"1270","1","1","1","1","1","0","1","1","1","1","1","1"
"1271","0","0","1","1","0","0","1","0","0","0","0","0"
"1272","0","1","0","1","1","0","1","1","1","1","1","1"
"1273","1","0","0","0","0","0","1","0","0","0","0","0"
"1274","1","1","1","1","1","1","1","1","1","1","1","1"
"1275","1","1","1","1","1","0","1","1","1","1","1","1"
"1276","1","1","1","1","1","0","1","1","1","0","1","1"
"1277","1","1","1","1","1","0","1","0","1","1","1","0"
"1278","1","1","1","0","1","0","1","1","1","0","1","1"
"1279","1","1","1","1","1","0","0","1","1","0","1","1"
"1280","0","1","1","1","1","0","1","1","1","1","1","0"
"1281","1","1","1","1","1","0","1","1","1","1","1","1"
"1282","0","1","0","0","0","0","0","1","1","0","1","0"
"1283","0","0","1","1","1","0","1","0","0","0","0","0"
"1284","1","1","1","0","1","0","1","0","1","0","1","0"
"1285","1","1","1","1","1","0","1","1","1","1","1","1"
"1286","0","1","0","1","0","0","1","1","1","0","1","0"
"1287","0","0","0","1","0","0","0","0","1","1","0","1"
"1288","0","0","1","1","1","0","0","0","0","0","1","1"
"1289","1","1","1","0","1","0","1","1","1","1","1","1"
"1290","0","0","0","1","0","0","0","0","0","1","0","1"
"1291","1","1","1","1","1","0","1","1","1","0","1","1"
"1292","0","1","1","1","1","0","1","1","1","1","1","0"
"1293","0","1","1","1","0","0","1","1","1","1","1","0"
"1294","1","1","1","1","1","0","1","1","1","1","1","0"
"1295","0","1","1","1","1","0","1","0","1","1","1","1"
"1296","1","1","1","1","1","0","1","1","0","1","1","0"
"1297","0","1","1","1","1","0","1","1","1","1","1","1"
"1298","1","1","1","1","1","0","1","1","1","1","1","0"
"1299","0","0","0","0","0","0","0","1","1","0","0","0"
"1300","0","1","1","1","1","0","1","1","1","1","1","1"
"1301","1","1","1","1","1","0","1","1","1","1","1","1"
"1302","1","1","1","1","1","0","1","1","1","1","1","1"
"1303","1","0","1","0","1","0","1","0","0","0","0","0"
"1304","1","1","1","0","1","0","1","1","1","0","1","0"
"1305","0","1","1","0","1","0","1","1","1","0","1","1"
"1306","1","1","1","0","1","0","0","1","0","0","0","0"
"1307","1","0","1","0","1","0","0","0","0","0","1","0"
"1308","0","1","1","1","1","0","0","1","1","0","1","1"
"1309","1","1","1","0","1","0","1","1","0","0","1","0"
"1310","0","1","0","0","0","0","1","0","0","1","0","0"
"1311","1","1","1","0","1","0","1","0","1","1","0","0"
"1312","0","1","0","1","0","0","1","0","0","0","1","1"
"1313","1","1","0","1","1","0","1","1","1","1","1","1"
"1314","0","0","0","1","0","0","0","0","0","0","0","1"
"1315","0","0","0","1","1","0","0","0","0","1","0","0"
"1316","1","1","1","1","1","0","1","1","1","1","1","1"
"1317","0","1","1","0","1","0","0","1","0","1","0","0"
"1318","0","0","0","1","0","0","0","0","0","1","0","1"
"1319","1","1","0","0","0","0","1","1","1","0","1","0"
"1320","1","1","1","1","1","0","1","1","1","1","1","1"
"1321","0","1","1","0","1","0","1","1","1","0","1","0"
"1322","0","1","0","0","1","0","0","1","0","0","0","0"
"1323","0","0","0","0","0","0","0","1","1","0","1","0"
"1324","1","0","0","0","0","0","0","1","0","0","0","0"
"1325","0","1","1","1","1","0","0","1","1","1","1","0"
"1326","1","1","1","1","0","0","1","1","1","1","1","1"
"1327","1","1","1","0","1","0","1","1","1","0","1","0"
"1328","0","0","1","1","1","0","1","1","1","1","1","1"
"1329","0","0","0","1","0","0","0","0","0","1","0","0"
"1330","1","1","1","1","1","0","1","1","1","1","1","0"
"1331","1","1","0","0","0","0","0","1","1","0","1","0"
"1332","1","1","1","0","1","0","1","1","1","0","1","1"
"1333","0","1","1","1","1","0","0","1","1","0","1","0"
"1334","0","1","1","0","1","0","1","0","0","0","1","1"
"1335","0","1","1","0","0","0","0","1","0","0","1","0"
"1336","0","0","0","0","1","0","0","1","1","0","1","0"
"1337","0","0","0","0","0","0","0","0","0","1","0","1"
"1338","1","0","0","0","0","0","1","1","1","0","0","0"
"1339","0","0","1","0","1","0","0","0","0","0","1","0"
"1340","0","1","1","1","1","0","1","1","1","1","1","0"
"1341","1","1","1","0","1","0","1","1","1","0","1","0"
"1342","1","0","0","0","0","0","0","1","1","0","1","0"
"1343","1","1","0","0","0","0","0","1","1","0","1","1"
"1344","0","1","1","0","1","0","0","1","1","0","1","0"
"1345","1","1","1","1","1","0","1","1","1","1","1","0"
"1346","0","0","1","1","1","0","0","0","1","1","1","0"
"1347","0","1","0","0","0","0","0","1","0","0","0","0"
"1348","1","0","0","1","0","0","0","0","1","1","0","0"
"1349","0","1","1","0","1","0","1","1","1","1","1","1"
"1350","1","1","1","1","1","0","1","0","0","1","1","1"
"1351","0","0","0","0","1","0","0","0","0","1","0","1"
"1352","1","1","1","1","1","0","1","1","1","1","1","1"
"1353","1","1","0","1","1","0","1","1","1","1","0","0"
"1354","0","0","1","0","0","0","0","0","0","0","1","0"
"1355","0","1","1","1","1","0","1","1","1","1","1","1"
"1356","1","1","1","1","1","0","1","1","1","1","1","1"
"1357","1","0","0","0","0","0","1","0","1","0","0","0"
"1358","0","1","1","1","1","0","1","1","1","1","1","1"
"1359","0","1","1","1","1","0","1","0","1","1","1","1"
"1360","1","1","1","1","1","0","1","1","1","1","1","0"
"1361","0","0","0","1","1","0","0","0","0","1","0","1"
"1362","1","1","1","0","1","0","1","1","1","0","1","0"
"1363","1","1","1","0","0","0","1","1","1","0","1","0"
"1364","1","1","1","1","1","0","1","1","1","1","1","1"
"1365","1","1","1","1","1","0","1","1","1","1","1","0"
"1366","1","0","0","0","0","0","0","1","0","0","0","0"
"1367","1","1","1","1","1","0","1","1","1","0","1","1"
"1368","1","1","0","0","0","0","1","0","0","0","0","0"
"1369","0","0","0","1","1","0","0","0","0","1","0","1"
"1370","0","1","1","0","1","0","1","1","1","0","1","1"
"1371","1","0","1","0","1","0","1","0","0","0","1","0"
"1372","1","0","0","0","0","0","1","0","0","0","0","1"
"1373","0","1","1","1","1","0","1","1","1","1","1","0"
"1374","0","1","0","0","0","0","1","1","1","0","0","0"
"1375","1","1","0","0","1","0","0","1","1","0","1","0"
"1376","1","1","1","0","1","0","1","1","1","0","1","0"
"1377","0","0","1","0","1","0","0","1","0","0","1","1"
"1378","0","1","0","1","1","0","1","1","0","1","1","1"
"1379","0","1","1","1","1","0","0","1","1","1","1","1"
"1380","1","1","1","1","1","0","1","0","0","1","1","0"
"1381","0","1","1","0","0","0","1","0","0","0","0","0"
"1382","0","1","0","1","0","0","1","1","1","0","0","0"
"1383","0","1","1","1","1","0","1","1","0","1","1","0"
"1384","0","1","1","0","1","0","1","1","1","0","1","1"
"1385","0","0","0","0","0","0","0","0","0","1","0","1"
"1386","0","1","1","1","1","0","1","0","1","1","1","0"
"1387","1","0","0","0","0","0","1","0","0","0","0","0"
"1388","1","1","1","1","1","0","1","1","1","1","1","1"
"1389","1","1","1","1","0","0","1","0","1","1","1","0"
"1390","0","0","0","1","1","0","0","0","0","0","0","0"
"1391","1","1","1","0","1","0","1","0","1","0","1","0"
"1392","1","1","1","1","1","0","1","1","1","1","1","1"
"1393","1","0","0","0","1","0","0","0","0","1","1","0"
"1394","1","0","0","0","0","0","0","0","1","0","0","0"
"1395","0","1","0","0","0","0","1","0","0","0","1","1"
"1396","1","1","1","1","0","0","1","1","1","1","1","0"
"1397","1","1","1","1","0","0","1","0","1","1","1","0"
"1398","0","0","0","0","0","0","0","1","0","0","0","0"
"1399","0","1","1","1","1","0","0","1","1","1","1","1"
"1400","1","0","0","0","0","0","0","1","1","0","1","0"
"1401","0","1","1","1","1","0","1","1","1","1","1","1"
"1402","0","1","1","0","0","0","0","1","1","0","1","0"
"1403","1","1","1","1","1","0","1","1","1","1","1","1"
"1404","1","1","1","1","1","0","1","1","1","1","1","1"
"1405","0","0","0","0","1","0","0","0","0","1","0","1"
"1406","1","1","1","1","1","0","1","1","1","1","1","1"
"1407","1","1","1","1","1","0","0","1","1","1","1","1"
"1408","1","1","1","1","1","0","1","0","1","1","1","0"
"1409","1","1","1","1","1","0","1","1","1","1","1","1"
"1410","1","1","1","1","0","0","1","1","1","1","1","1"
"1411","1","1","1","1","1","0","1","1","1","1","1","1"
"1412","1","1","1","1","1","0","1","1","1","1","1","1"
"1413","0","0","1","0","1","0","0","0","0","0","1","0"
"1414","1","0","0","0","0","0","0","1","1","0","0","0"
"1415","1","1","0","0","0","0","0","0","0","0","0","0"
"1416","0","1","1","1","1","0","1","1","1","1","1","1"
"1417","1","0","0","0","0","0","0","0","1","0","0","0"
"1418","1","0","0","0","0","1","0","1","1","0","0","0"
"1419","0","0","1","1","0","0","0","0","0","0","0","0"
"1420","0","1","1","0","0","0","1","0","0","0","0","0"
"1421","1","1","1","1","1","0","1","1","1","1","1","1"
"1422","0","1","1","1","1","1","1","1","0","0","1","0"
"1423","0","1","1","1","1","0","1","1","0","1","1","1"
"1424","0","0","0","0","0","0","0","0","0","1","0","1"
"1425","1","1","1","1","1","0","1","1","1","1","1","0"
"1426","0","0","0","0","0","0","0","1","1","0","0","0"
"1427","1","1","1","1","1","0","1","1","1","1","1","1"
"1428","1","1","1","0","1","1","1","1","1","0","1","0"
"1429","0","0","0","1","0","0","0","0","0","1","1","0"
"1430","1","1","1","0","1","0","1","1","1","1","1","0"
"1431","1","1","1","1","0","1","1","1","1","0","1","0"
"1432","1","1","1","1","1","0","1","0","1","0","1","1"
"1433","0","0","0","1","1","1","0","0","0","0","0","0"
"1434","1","0","1","0","0","0","0","1","1","0","0","1"
"1435","1","1","1","1","0","1","1","0","1","1","1","1"
"1436","1","1","1","1","1","0","1","1","1","1","1","1"
"1437","1","1","1","1","1","1","1","1","1","1","1","1"
"1438","0","0","1","1","1","0","0","0","0","0","0","0"
"1439","1","1","1","1","1","1","1","1","1","1","1","1"
"1440","0","0","0","1","0","0","0","0","0","1","0","1"
"1441","0","0","0","1","1","0","0","0","0","1","0","1"
"1442","1","0","1","1","1","0","1","0","0","0","0","0"
"1443","0","0","0","1","0","1","1","0","0","0","0","0"
"1444","0","0","0","1","0","0","0","0","0","1","0","0"
"1445","0","0","1","0","1","0","0","1","1","1","1","0"
"1446","0","0","1","0","0","0","1","0","0","0","0","1"
"1447","1","0","0","0","0","0","1","1","1","0","0","0"
"1448","1","1","1","1","1","0","1","1","1","1","1","1"
"1449","0","1","1","0","1","1","1","0","1","0","1","0"
"1450","1","0","0","0","0","0","0","0","1","0","0","0"
"1451","1","1","1","0","0","0","1","1","0","0","1","0"
"1452","1","1","1","0","1","1","1","1","1","0","1","0"
"1453","0","1","1","0","0","0","1","1","0","1","0","1"
"1454","0","0","1","0","1","0","0","1","0","0","0","0"
"1455","1","1","0","0","0","0","1","1","1","0","1","0"
"1456","1","1","1","1","1","0","1","1","1","1","1","1"
"1457","1","1","1","1","1","0","1","1","1","1","1","1"
"1458","1","0","1","0","0","0","1","1","1","0","0","0"
"1459","0","0","1","1","1","0","0","0","0","0","0","0"
"1460","1","1","1","1","1","0","1","1","1","0","1","0"
"1461","1","1","1","1","1","0","1","1","1","0","1","0"
"1462","1","1","1","1","1","0","1","1","1","1","1","0"
"1463","0","1","1","0","0","0","1","0","1","0","1","0"
"1464","0","1","1","1","1","0","1","1","0","0","1","1"
"1465","0","1","1","1","0","1","0","1","1","0","0","1"
"1466","1","1","1","0","1","1","1","1","1","0","1","1"
"1467","0","1","1","1","1","1","1","1","1","1","1","0"
"1468","1","1","0","1","0","0","1","1","1","0","1","1"
"1469","1","0","0","0","0","0","0","1","0","0","0","0"
"1470","0","0","1","0","1","1","1","0","0","0","1","1"
"1471","1","0","0","0","0","0","0","1","0","0","0","0"
"1472","1","1","1","1","1","0","1","0","1","0","1","0"
"1473","0","0","0","0","0","0","0","1","1","0","0","0"
"1474","1","1","1","0","0","0","1","1","0","0","0","0"
"1475","1","1","1","1","1","0","1","1","1","1","1","1"
"1476","0","0","0","0","1","0","1","1","1","0","1","0"
"1477","0","1","1","0","1","0","1","1","1","0","1","0"
"1478","0","0","1","1","0","1","1","0","0","0","0","0"
"1479","0","1","0","1","0","1","0","0","0","0","0","0"
"1480","1","1","1","1","1","1","1","1","1","0","1","1"
"1481","0","1","1","0","1","0","1","1","0","0","1","0"
"1482","1","0","1","0","0","0","0","1","1","0","0","0"
"1483","0","0","0","0","0","0","0","0","0","1","0","1"
"1484","0","1","1","0","1","0","1","1","1","0","1","0"
"1485","0","0","0","0","0","0","0","1","1","0","1","0"
"1486","0","0","0","0","0","0","0","1","1","0","1","0"
"1487","0","0","0","0","0","0","0","0","0","0","1","0"
"1488","1","1","1","0","1","0","1","1","0","0","1","0"
"1489","1","1","1","1","1","0","1","1","0","1","1","1"
"1490","1","1","1","1","1","0","1","1","1","1","1","1"
"1491","0","1","1","1","0","0","1","1","1","0","1","0"
"1492","0","1","1","1","1","0","1","1","1","0","1","1"
"1493","0","0","0","0","0","0","0","1","1","0","0","0"
"1494","1","1","1","1","1","1","1","1","1","0","1","0"
"1495","1","1","1","1","1","1","1","1","1","0","1","0"
"1496","1","1","1","1","1","1","1","1","1","0","1","1"
"1497","0","0","0","1","0","0","0","0","0","0","0","1"
"1498","1","0","0","0","1","0","1","1","1","0","0","0"
"1499","1","1","1","1","1","0","1","1","1","0","1","1"
"1500","0","0","1","1","0","0","0","1","1","0","0","0"
"1501","1","1","1","1","1","0","1","1","1","1","1","1"
"1502","1","0","0","0","0","0","1","0","0","0","0","0"
"1503","0","0","1","0","1","1","0","1","0","0","0","0"
"1504","0","0","0","1","0","1","0","0","0","0","0","0"
"1505","1","1","1","1","1","1","1","1","1","0","1","0"
"1506","1","1","1","0","1","1","1","1","1","0","1","1"
"1507","1","0","0","0","0","1","0","1","1","0","1","0"
"1508","0","0","1","0","1","0","0","1","1","0","1","0"
"1509","1","0","0","0","0","0","1","1","1","0","0","0"
"1510","0","0","0","0","0","0","0","1","1","0","0","0"
"1511","0","0","0","1","1","1","0","1","0","0","0","0"
"1512","1","1","1","1","1","1","1","1","1","1","1","0"
"1513","1","1","1","0","0","0","0","1","1","0","1","0"
"1514","1","0","1","0","1","1","1","1","0","0","1","0"
"1515","1","1","1","0","1","0","1","1","1","1","1","1"
"1516","1","1","1","1","1","0","1","1","1","1","1","1"
"1517","0","1","1","0","0","0","1","1","1","0","1","0"
"1518","1","1","1","1","1","0","0","1","1","1","1","1"
"1519","0","1","1","0","1","0","1","0","0","0","1","1"
"1520","0","0","0","0","1","0","0","0","0","1","1","1"
"1521","0","0","0","0","0","0","1","1","1","1","1","0"
"1522","1","0","0","0","0","0","0","1","1","0","0","0"
"1523","1","1","1","1","1","0","0","1","1","1","1","1"
"1524","1","1","1","1","1","0","1","1","1","1","1","0"
"1525","0","0","0","1","0","0","0","0","0","1","0","1"
"1526","1","1","0","1","1","0","1","1","1","1","1","0"
"1527","0","0","1","1","1","0","1","1","0","1","0","1"
"1528","0","1","0","0","1","0","1","0","0","0","0","0"
"1529","1","1","1","1","1","0","0","1","1","1","1","1"
"1530","1","1","1","1","1","0","1","1","1","1","1","0"
"1531","0","1","1","1","1","0","1","1","1","1","1","0"
"1532","1","1","0","0","0","0","1","1","1","0","0","0"
"1533","0","1","1","1","1","0","1","1","1","1","1","1"
"1534","0","0","0","0","0","0","0","1","1","0","1","0"
"1535","0","0","0","1","0","0","0","1","1","0","1","0"
"1536","1","1","1","0","1","0","1","1","1","1","1","1"
"1537","0","1","1","1","1","0","1","1","1","1","1","1"
"1538","0","0","0","0","0","0","0","0","0","1","0","1"
"1539","1","1","1","1","1","0","1","1","1","1","1","0"
"1540","0","1","1","1","1","0","1","1","0","0","1","1"
"1541","1","1","1","1","1","1","1","1","1","0","1","1"
"1542","1","1","1","0","0","0","1","1","1","0","1","0"
"1543","0","1","1","1","1","0","1","1","1","1","1","0"
"1544","1","1","0","0","1","0","1","1","1","0","1","0"
"1545","0","1","1","1","1","0","1","1","1","1","1","1"
"1546","0","1","0","1","0","0","0","1","1","0","1","1"
"1547","0","1","1","1","1","0","1","1","1","1","1","0"
"1548","1","1","1","1","1","0","1","1","1","1","1","1"
"1549","0","0","0","0","0","0","1","1","0","0","1","0"
"1550","0","0","1","1","1","0","0","0","0","0","1","0"
"1551","0","0","1","1","1","0","0","0","0","1","1","1"
"1552","1","1","0","0","0","0","0","0","0","0","0","0"
"1553","1","0","1","0","0","0","1","0","0","0","0","0"
"1554","0","0","0","1","1","0","1","0","1","0","0","0"
"1555","0","1","1","1","1","0","1","1","1","1","1","1"
"1556","1","1","1","0","1","0","0","1","1","0","1","1"
"1557","0","1","1","0","1","0","1","0","1","0","0","1"
"1558","0","1","1","1","1","0","1","0","0","1","1","0"
"1559","0","1","1","1","1","0","0","1","1","1","0","1"
"1560","0","1","1","0","0","0","1","0","1","0","0","0"
"1561","0","0","1","1","1","0","1","1","0","1","1","1"
"1562","1","1","1","1","1","0","1","0","1","1","1","0"
"1563","0","0","0","1","0","0","0","0","0","1","0","1"
"1564","1","0","0","0","0","0","0","1","1","0","0","0"
"1565","0","1","1","0","1","0","1","1","1","0","0","1"
"1566","0","1","1","1","1","0","1","1","1","1","1","1"
"1567","1","1","1","1","1","0","1","1","1","1","1","0"
"1568","0","0","0","0","1","0","0","0","0","0","0","1"
"1569","1","1","0","1","1","0","1","1","1","1","1","1"
"1570","1","1","1","1","1","0","1","1","1","0","1","0"
"1571","1","1","1","1","1","0","0","1","1","1","1","1"
"1572","0","0","0","1","0","0","0","0","0","1","0","1"
"1573","0","1","1","1","1","0","1","0","0","1","1","0"
"1574","0","0","0","1","0","0","0","0","0","0","0","1"
"1575","1","1","1","1","1","0","1","0","1","0","1","0"
"1576","0","1","1","1","1","0","1","0","0","0","0","0"
"1577","0","1","1","1","1","0","1","0","1","1","1","0"
"1578","0","0","1","0","0","0","0","0","0","0","0","0"
"1579","0","0","0","0","0","0","0","1","0","0","0","0"
"1580","0","1","1","0","1","0","1","1","1","0","1","0"
"1581","0","1","1","1","1","0","1","1","1","1","1","0"
"1582","0","0","0","0","0","0","0","1","1","0","1","0"
"1583","1","1","1","0","1","0","1","1","1","0","1","0"
"1584","1","1","1","1","1","0","1","1","1","1","1","0"
"1585","0","0","1","1","1","0","0","1","1","1","1","0"
"1586","0","0","0","1","0","0","0","1","1","0","0","0"
"1587","0","1","1","0","1","0","1","1","1","0","1","0"
"1588","0","1","0","1","1","0","1","0","0","1","0","1"
"1589","0","0","1","1","1","0","0","0","1","1","0","0"
"1590","0","0","1","0","1","0","1","1","1","0","1","0"
"1591","1","0","0","1","0","0","0","0","0","1","0","0"
"1592","0","0","0","0","0","0","0","0","0","1","0","1"
"1593","0","0","1","0","0","0","1","0","0","0","0","0"
"1594","0","0","1","0","0","0","1","1","1","0","1","0"
"1595","0","0","0","0","0","0","1","0","0","0","0","1"
"1596","1","0","0","0","0","0","1","0","0","0","0","0"
"1597","1","1","1","1","1","0","1","1","1","1","1","1"
"1598","1","0","0","0","0","0","1","0","0","0","0","0"
"1599","1","1","1","1","1","0","1","1","1","1","1","1"
"1600","1","1","1","1","1","0","1","0","0","0","0","1"
"1601","1","0","1","0","0","0","1","1","0","0","0","1"
"1602","1","0","1","0","1","0","1","0","0","0","1","0"
"1603","0","0","0","1","1","0","0","0","0","1","1","1"
"1604","0","1","0","0","0","0","0","1","1","0","0","0"
"1605","1","0","0","0","0","0","1","0","0","0","0","0"
"1606","1","0","0","0","0","0","1","0","0","0","0","0"
"1607","0","0","0","0","1","0","0","0","0","0","1","0"
"1608","0","0","1","0","1","0","0","0","0","0","1","0"
"1609","0","0","0","0","1","0","0","0","0","0","1","0"
"1610","0","1","1","1","1","0","1","0","0","1","1","1"
"1611","0","0","0","0","0","0","0","0","0","1","0","1"
"1612","0","0","0","0","0","0","0","0","0","1","0","1"
"1613","1","1","1","1","1","0","1","1","1","1","1","0"
"1614","0","0","1","0","0","0","1","0","0","0","1","0"
"1615","0","1","1","1","0","0","0","0","0","0","0","0"
"1616","0","1","1","1","1","0","1","1","0","1","1","1"
"1617","1","1","1","1","1","0","1","1","1","1","1","1"
"1618","0","1","1","1","1","0","1","1","1","1","1","0"
"1619","0","1","1","1","1","0","0","1","0","1","1","0"
"1620","0","1","1","0","1","0","1","0","0","1","0","1"
"1621","0","1","1","1","1","0","1","1","1","0","1","0"
"1622","0","0","1","1","1","0","1","1","0","0","0","0"
"1623","1","1","1","1","1","0","1","0","0","1","1","1"
"1624","1","0","0","0","0","0","0","0","0","0","1","0"
"1625","1","1","0","0","1","0","0","1","1","0","1","0"
"1626","0","1","0","1","0","0","1","1","1","1","1","0"
"1627","0","1","1","1","1","0","1","0","0","1","0","1"
"1628","0","0","0","0","0","0","0","0","0","1","0","1"
"1629","1","1","1","1","1","0","1","0","1","0","1","0"
"1630","1","1","1","0","1","0","1","0","0","0","1","0"
"1631","1","1","0","1","0","0","0","1","0","1","0","1"
"1632","1","1","0","0","0","0","0","0","0","0","0","0"
"1633","1","1","1","1","1","0","1","1","0","0","1","0"
"1634","1","1","1","0","1","0","1","1","1","1","1","1"
"1635","0","0","1","0","1","0","1","0","0","0","1","0"
"1636","1","1","1","1","1","0","1","1","0","1","1","0"
"1637","0","1","1","1","1","0","1","1","0","1","1","1"
"1638","1","1","1","1","1","0","1","1","0","0","1","1"
"1639","1","1","1","1","1","0","1","1","1","1","1","1"
"1640","1","1","1","1","1","0","1","0","0","1","1","0"
"1641","0","0","0","0","0","0","0","1","1","0","0","0"
"1642","0","1","1","0","1","0","1","0","1","1","1","0"
"1643","0","0","0","0","0","0","0","0","1","0","1","0"
"1644","0","0","0","1","0","0","1","0","1","1","0","0"
"1645","1","0","0","0","0","0","0","0","1","0","0","0"
"1646","1","1","1","1","1","0","1","1","1","1","1","0"
"1647","0","0","1","0","1","0","1","0","1","0","1","0"
"1648","0","0","1","1","1","0","0","0","0","0","1","0"
"1649","1","1","1","1","1","0","1","1","1","0","1","0"
"1650","1","1","0","1","1","0","1","1","1","1","1","1"
"1651","0","1","1","0","0","0","0","0","0","1","0","1"
"1652","1","1","1","1","1","0","1","1","1","1","1","0"
"1653","1","0","0","1","0","0","1","0","1","1","0","1"
"1654","0","1","1","1","1","0","1","0","1","1","1","1"
"1655","0","0","0","0","1","0","1","0","0","0","0","1"
"1656","1","1","0","0","0","0","1","0","1","0","1","0"
"1657","0","0","1","0","0","0","1","0","0","0","0","0"
"1658","0","0","0","0","1","0","0","1","1","0","0","0"
"1659","1","1","1","1","1","0","1","1","1","0","1","1"
"1660","1","1","1","1","1","0","1","1","1","0","0","0"
"1661","0","0","1","0","1","0","0","0","1","0","1","1"
"1662","0","1","1","0","1","0","1","1","1","0","1","0"
"1663","0","0","0","1","1","0","0","0","0","0","0","1"
"1664","0","1","0","0","0","0","0","1","1","0","0","0"
"1665","1","0","0","0","0","0","0","0","1","0","0","0"
"1666","1","1","1","0","0","0","1","1","1","0","1","0"
"1667","1","1","1","1","1","0","1","0","0","1","1","1"
"1668","1","0","1","1","1","0","1","1","1","1","0","0"
"1669","0","0","0","0","0","0","0","0","0","1","0","1"
"1670","1","1","1","1","1","0","1","0","1","1","1","1"
"1671","0","0","1","0","0","0","1","0","0","0","0","0"
"1672","0","0","1","1","1","0","0","1","1","1","1","1"
"1673","0","0","1","1","0","0","1","1","0","0","1","0"
"1674","0","1","1","1","1","0","1","1","0","0","1","0"
"1675","0","0","0","1","0","0","0","0","0","0","0","1"
"1676","1","1","1","1","1","0","0","0","1","1","1","1"
"1677","0","1","1","0","1","0","1","1","1","0","1","0"
"1678","1","1","1","1","1","0","1","1","1","1","1","1"
"1679","0","0","0","0","1","0","0","0","0","1","0","1"
"1680","1","1","1","1","1","0","0","1","1","1","1","1"
"1681","0","0","0","1","0","0","0","0","0","1","0","1"
"1682","0","0","0","1","0","0","1","0","0","0","1","0"
"1683","0","1","1","0","0","0","0","0","0","0","0","1"
"1684","1","1","1","1","1","0","1","1","1","1","1","1"
"1685","0","0","0","1","0","0","0","0","1","0","1","0"
"1686","0","0","1","0","1","0","1","0","0","0","0","0"
"1687","0","1","1","1","1","0","1","1","1","1","1","0"
"1688","0","1","0","0","0","0","0","0","1","1","0","1"
"1689","1","1","0","0","0","0","0","1","1","0","0","0"
"1690","1","1","1","1","1","0","1","0","1","0","1","0"
"1691","1","1","1","1","1","0","1","1","1","0","1","0"
"1692","0","1","0","0","1","0","1","0","0","0","1","0"
"1693","0","0","0","1","0","0","0","0","0","0","0","1"
"1694","1","1","1","1","1","0","1","0","0","1","0","1"
"1695","0","0","0","0","1","0","1","0","0","1","0","0"
"1696","0","1","1","1","1","0","0","0","0","1","1","1"
"1697","1","1","0","1","0","0","0","0","0","0","0","0"
"1698","1","1","1","1","1","0","1","1","1","1","1","0"
"1699","1","1","1","1","1","1","1","1","1","1","1","1"
"1700","1","1","1","1","1","1","1","1","1","1","1","0"
"1701","0","1","1","0","1","0","1","1","1","0","1","0"
"1702","0","0","0","1","1","1","0","0","0","1","0","0"
"1703","0","0","1","1","1","1","1","0","0","1","0","0"
"1704","0","1","1","1","1","0","1","1","0","0","1","0"
"1705","0","1","1","1","1","1","1","0","1","1","1","0"
"1706","0","0","1","1","1","0","0","0","0","1","0","1"
"1707","1","1","1","1","1","0","1","1","0","1","1","0"
"1708","0","1","1","0","0","0","0","1","1","0","1","0"
"1709","0","0","0","0","1","1","0","0","0","0","1","0"
"1710","0","1","1","0","0","0","1","1","1","0","1","0"
"1711","0","1","1","0","1","0","1","1","1","0","1","0"
"1712","0","1","1","1","1","1","1","1","1","1","1","1"
"1713","0","0","1","1","1","1","0","0","0","1","0","1"
"1714","1","1","1","1","1","1","1","1","1","1","1","1"
"1715","0","0","0","1","0","0","0","1","1","0","1","1"
"1716","0","0","1","0","0","0","1","1","0","0","1","0"
"1717","0","1","1","0","1","0","1","0","1","1","0","0"
"1718","0","1","0","0","0","0","1","1","1","0","0","0"
"1719","0","0","0","1","1","1","0","1","1","1","1","0"
"1720","1","0","1","1","1","1","1","1","1","1","1","0"
"1721","0","0","0","1","1","1","0","0","0","0","0","1"
"1722","0","0","0","1","1","1","1","0","0","1","0","1"
"1723","0","0","1","1","1","1","0","1","1","1","1","1"
"1724","0","1","1","0","1","1","0","0","0","1","1","0"
"1725","0","1","1","1","1","1","1","1","1","1","1","1"
"1726","1","1","1","1","0","1","1","1","1","1","1","1"
"1727","1","1","1","0","1","0","1","1","1","0","1","0"
"1728","0","1","1","1","1","0","1","1","1","0","1","0"
"1729","0","0","0","0","0","0","0","0","0","1","0","1"
"1730","0","0","0","0","0","0","0","0","0","1","0","1"
"1731","1","1","1","1","1","0","1","1","1","1","1","1"
"1732","0","1","0","0","0","0","0","1","0","0","0","0"
"1733","1","0","1","0","0","1","0","0","0","1","0","0"
"1734","0","0","1","1","1","1","1","0","0","1","1","0"
"1735","0","1","1","1","1","1","1","0","1","1","1","1"
"1736","1","1","0","0","1","0","0","0","1","0","1","0"
"1737","0","0","1","1","1","1","1","1","0","1","1","1"
"1738","1","1","1","1","1","1","1","1","1","1","1","0"
"1739","0","0","1","0","1","0","1","1","0","0","0","1"
"1740","0","0","1","0","1","0","1","0","0","0","1","0"
"1741","1","1","1","1","1","0","1","1","1","1","1","1"
"1742","0","1","1","1","1","0","0","0","0","0","1","1"
"1743","1","1","1","1","1","0","1","1","1","1","1","1"
"1744","1","0","0","1","0","0","0","0","1","0","0","0"
"1745","1","1","0","0","0","0","0","1","1","0","0","0"
"1746","1","1","0","1","0","1","1","0","0","0","0","0"
"1747","0","1","0","0","0","0","0","1","0","0","0","0"
"1748","0","0","1","0","1","0","1","0","0","0","1","0"
"1749","1","0","1","0","1","1","0","1","1","0","1","0"
"1750","1","1","1","1","1","0","1","1","1","1","1","0"
"1751","1","1","0","0","0","0","0","1","1","0","0","0"
"1752","0","1","0","1","1","1","1","0","0","1","1","1"
"1753","1","1","1","1","1","1","1","1","0","0","1","0"
"1754","1","1","1","0","1","0","1","1","1","0","1","0"
"1755","0","0","1","0","1","0","0","0","1","0","1","1"
"1756","0","1","1","1","1","0","1","1","0","0","1","0"
"1757","0","0","1","0","0","0","1","0","0","0","0","0"
"1758","1","1","1","1","1","1","0","1","1","1","1","1"
"1759","0","1","1","1","1","1","1","1","1","1","1","1"
"1760","0","0","1","1","1","1","1","1","0","0","1","1"
"1761","1","1","1","1","1","0","1","1","1","1","1","1"
"1762","1","1","1","1","1","1","1","1","1","1","1","1"
"1763","0","1","1","1","1","1","1","1","1","1","1","0"
"1764","1","1","1","0","1","0","1","1","0","0","1","0"
"1765","0","1","1","0","1","0","1","1","1","0","1","0"
"1766","0","0","1","1","0","1","1","1","1","0","1","0"
"1767","0","0","1","0","1","0","0","0","1","0","1","0"
"1768","0","1","1","1","1","1","1","1","1","1","1","1"
"1769","0","0","1","0","1","0","1","0","0","1","1","0"
"1770","0","0","1","1","1","1","0","0","0","1","0","1"
"1771","1","1","0","0","0","0","0","1","1","0","0","0"
"1772","1","1","1","1","0","1","1","1","0","1","0","1"
"1773","0","0","0","1","0","0","0","0","0","1","0","1"
"1774","1","0","1","1","1","0","1","1","0","1","1","0"
"1775","1","1","1","1","1","1","1","1","1","1","1","1"
"1776","0","1","1","0","1","0","0","1","0","0","0","0"
"1777","1","1","1","1","1","1","1","1","1","1","1","1"
"1778","0","0","0","1","0","0","0","0","0","1","0","0"
"1779","1","1","0","0","0","0","0","1","1","0","0","0"
"1780","0","1","1","1","1","1","1","1","1","1","1","1"
"1781","1","1","1","1","1","1","1","1","1","1","1","1"
"1782","0","0","0","1","1","1","0","1","0","1","1","1"
"1783","1","1","1","0","1","0","1","1","1","0","0","1"
"1784","0","1","1","1","1","1","1","1","1","1","1","0"
"1785","0","0","0","0","0","1","0","1","0","0","1","1"
"1786","0","0","1","0","1","0","1","1","0","0","0","0"
"1787","0","1","1","1","1","1","1","0","0","1","0","1"
"1788","0","0","1","0","1","0","0","1","0","0","0","0"
"1789","0","0","1","1","1","0","1","0","0","1","1","0"
"1790","0","0","1","0","0","0","0","1","1","0","0","0"
"1791","0","1","1","1","1","0","0","0","0","0","0","0"
"1792","0","1","0","1","1","1","0","0","0","1","0","1"
"1793","0","1","1","0","1","1","1","1","1","1","1","0"
"1794","0","1","1","1","1","0","1","0","1","0","1","0"
"1795","0","0","0","0","1","1","1","1","0","1","1","1"
"1796","1","1","1","0","1","0","1","0","1","0","1","0"
"1797","1","1","1","1","1","1","1","1","1","1","1","0"
"1798","0","1","1","0","0","0","1","1","1","0","1","0"
"1799","0","1","0","1","1","1","1","1","1","0","0","0"
"1800","0","0","1","0","1","0","1","0","1","0","1","1"
"1801","1","1","1","0","1","0","1","1","1","0","1","1"
"1802","1","1","1","0","1","1","1","1","0","1","0","1"
"1803","0","0","1","0","1","1","1","1","0","0","0","0"
"1804","1","0","0","0","0","0","0","0","0","0","0","0"
"1805","0","0","1","1","1","0","1","1","1","1","1","0"
"1806","0","1","1","1","0","0","1","0","1","1","1","0"
"1807","0","1","1","0","1","0","1","0","0","0","1","0"
"1808","0","1","1","1","1","1","1","0","0","1","1","1"
"1809","0","0","1","1","1","1","1","0","0","1","1","1"
"1810","0","1","1","1","1","1","1","1","1","1","1","1"
"1811","1","1","1","1","1","1","1","1","1","1","1","1"
"1812","1","1","1","1","1","1","1","1","1","0","1","1"
"1813","0","0","1","0","1","1","1","1","0","1","1","0"
"1814","0","0","0","0","0","0","0","1","1","0","0","0"
"1815","0","1","0","1","0","1","1","0","0","1","0","1"
"1816","1","1","0","0","0","0","1","0","0","0","0","0"
"1817","0","1","1","0","1","0","0","0","1","0","1","0"
"1818","0","1","0","1","0","0","0","1","0","1","0","1"
"1819","1","1","1","1","1","0","1","1","1","1","1","0"
